Measured_PPV_mm_per_s,Distance_from_Dam_m,Charge_Factor,Total_Explosive_Quantity_kg,SDI,BVII,RDI,Slope_deg,Burden_m,Spacing_m,Dam_State,Dam_State_ID
5.6806,4207,1.0785,1686,159.0248,0.2215,0.7537,2,4.7228,4.8485,Failed,2
14.2656,1441,0.6731,2268,374.713,0.0562,0.2534,9,4.9447,2.7667,Failed,2
11.0067,3763,0.4792,1801,215.5562,0.2556,0.8951,41,4.0292,5.8187,Failed,2
9.02,315,1.6145,2267,43.7743,0.5276,0.5739,13,4.1663,4.7495,Failed,2
2.4247,438,1.9817,1837,141.4006,0.1716,0.3508,11,2.9901,5.1833,Damaged,1
2.4243,4162,1.681,921,209.2911,0.1675,0.8327,41,5.132,5.3124,Damaged,1
0.9654,2808,1.4197,2419,146.2582,0.4626,0.4934,29,2.0847,3.6659,Intact,0
13.006,3252,0.2965,993,166.1028,0.0333,0.9116,31,3.2201,4.3815,Failed,2
9.0566,1850,2.4275,1676,146.888,0.1219,0.928,31,4.5263,6.325,Failed,2
10.6503,2521,2.037,398,20.7496,0.4159,0.1654,41,2.2803,5.5668,Failed,2
0.4067,809,0.8735,1726,318.5474,0.0631,0.0023,31,2.6411,6.3782,Intact,0
14.5517,3826,2.4539,1246,298.6462,0.3968,0.9839,25,4.0625,5.485,Failed,2
12.5034,3742,1.5843,59,326.6917,0.474,0.9061,0,3.96,3.2024,Failed,2
3.2639,4093,1.5396,1511,96.1549,0.4513,0.0554,41,4.5862,2.7581,Damaged,1
2.8092,588,1.9206,716,147.8273,0.8692,0.833,1,4.8441,4.8106,Damaged,1
2.8327,146,2.0671,1572,309.808,0.5301,0.4578,16,2.45,3.9313,Damaged,1
4.6332,3459,1.7099,2226,299.8138,0.468,0.259,29,2.0643,3.6018,Failed,2
7.9189,4973,0.4946,650,253.1652,0.4107,0.8787,38,4.4137,5.7288,Failed,2
6.536,4906,0.978,376,175.2066,0.8176,0.1967,6,3.0549,3.968,Failed,2
4.4393,500,2.3346,1029,456.4655,0.8951,0.9473,26,4.1909,3.768,Failed,2
9.2166,4090,0.7166,678,169.8851,0.8532,0.2056,8,2.5269,5.9,Failed,2
2.1785,3257,1.056,1679,227.8096,0.6735,0.6137,21,3.6416,5.8851,Damaged,1
4.453,4445,1.1938,323,339.0569,0.1374,0.2231,33,3.7655,3.9255,Failed,2
5.5588,490,1.2106,734,271.5107,0.2769,0.5457,45,4.0478,5.83,Failed,2
6.8954,3953,1.6098,165,173.443,0.0461,0.684,0,3.7961,5.9031,Failed,2
11.7991,4530,2.3691,910,217.8224,0.9308,0.1902,8,3.7349,4.1957,Failed,2
3.0751,728,0.7536,2053,397.2404,0.6608,0.5209,19,3.1646,2.7659,Failed,2
7.7621,4332,0.4795,742,139.0646,0.7464,0.4691,18,2.2491,2.5063,Failed,2
8.927,3030,0.6542,1155,71.1276,0.3116,0.071,35,2.3133,4.5932,Failed,2
0.7921,1621,2.2399,2421,156.5816,0.8457,0.8183,39,3.5182,3.8763,Intact,0
9.1524,926,1.6854,2211,424.7671,0.2596,0.3357,44,3.2453,6.4885,Failed,2
2.6408,4922,0.8576,1842,44.4949,0.0016,0.5746,3,3.8065,5.5896,Damaged,1
1.0693,1600,2.0767,203,495.848,0.3764,0.5148,8,3.0669,5.5451,Damaged,1
14.2384,3394,2.1812,1950,270.5014,0.5708,0.5133,40,4.4077,6.321,Failed,2
14.4879,2519,2.147,1477,492.4229,0.4787,0.1072,21,5.0238,6.0509,Failed,2
12.1451,1034,2.3135,1339,469.4982,0.8621,0.4235,17,3.046,3.7727,Failed,2
4.6387,3142,0.7802,364,226.4069,0.1054,0.4524,11,2.6754,3.1639,Failed,2
1.5553,4597,1.9366,1114,99.2455,0.5538,0.7336,41,2.4066,5.4836,Damaged,1
10.2951,1566,1.2592,154,82.4424,0.513,0.84,42,4.1569,4.0131,Failed,2
6.6583,3661,2.1366,1974,119.9947,0.2814,0.545,38,3.5535,4.3927,Failed,2
1.9184,714,1.8755,1963,355.0663,0.8222,0.0868,8,2.6581,5.0216,Damaged,1
7.4781,1282,1.9858,1266,136.475,0.7528,0.2368,5,4.286,6.1315,Failed,2
0.6124,3323,1.7092,1474,170.7126,0.7329,0.1649,18,2.5197,4.1764,Intact,0
13.6489,2767,0.6081,2451,224.3894,0.8762,0.1246,6,3.9401,5.6333,Failed,2
3.9558,230,1.4536,1822,456.6163,0.7228,0.3659,15,3.845,3.5734,Failed,2
9.9716,3083,2.4647,2010,94.6967,0.2318,0.2294,4,4.5698,5.2919,Failed,2
4.7445,4378,2.356,1653,2.5133,0.7056,0.2183,15,2.1929,2.5063,Failed,2
7.849,4559,0.2993,758,30.0482,0.3077,0.0547,0,5.1076,5.986,Failed,2
8.246,138,0.5791,700,452.3832,0.2422,0.0177,36,4.4605,2.6215,Failed,2
2.8543,4059,0.503,996,323.7582,0.073,0.1028,38,2.7564,5.351,Damaged,1
14.5468,3687,1.8698,710,136.5203,0.744,0.1722,18,2.6419,2.685,Failed,2
11.6495,1020,2.0809,2196,88.5963,0.711,0.431,36,3.5108,3.565,Failed,2
14.0985,2869,0.6911,2379,147.1334,0.2345,0.5105,16,4.8615,4.4888,Failed,2
13.4329,4211,1.3635,2500,57.3985,0.7494,0.1406,25,4.9503,4.1798,Failed,2
9.0087,592,2.1336,1182,470.7665,0.9178,0.4248,21,3.8216,3.2673,Failed,2
13.8359,1231,1.8854,749,392.1031,0.108,0.3417,7,5.0128,3.8353,Failed,2
1.4185,3621,1.4471,2296,231.1956,0.2326,0.1834,32,2.0191,5.4108,Damaged,1
3.0201,410,1.5578,2088,432.4813,0.7503,0.0068,1,2.1231,5.177,Failed,2
0.7739,838,1.3692,2424,124.7291,0.2745,0.467,29,5.1914,2.7873,Intact,0
4.9474,3341,0.8844,2251,358.5603,0.6247,0.6857,19,4.7137,5.4893,Failed,2
5.8913,645,1.4996,601,428.0662,0.0812,0.2263,17,3.5775,2.7122,Failed,2
4.1431,2561,1.7844,454,178.3844,0.4522,0.1318,42,4.6376,4.6717,Failed,2
12.4482,4446,2.2086,511,378.7322,0.7391,0.887,9,5.3447,3.5403,Failed,2
5.4156,4954,1.6635,2229,147.5362,0.6865,0.275,23,4.7023,4.8508,Failed,2
4.2859,1904,1.9506,923,149.4286,0.8151,0.2236,3,4.9483,3.5453,Failed,2
8.1862,3312,0.5682,133,53.5286,0.8775,0.8571,36,4.6621,6.4398,Failed,2
2.1998,3910,1.2616,1472,220.029,0.7732,0.8171,3,2.5887,3.7389,Damaged,1
12.0527,913,0.2215,270,364.856,0.6716,0.4483,12,4.9175,3.4678,Failed,2
1.2108,4224,0.7674,1441,470.1104,0.0317,0.4892,24,2.6829,3.6139,Damaged,1
14.8046,2132,1.8709,161,301.8985,0.535,0.2177,12,5.1241,6.0859,Failed,2
11.6064,4672,2.4812,664,431.5678,0.0377,0.0783,17,3.6053,5.0449,Failed,2
3.0609,4513,0.4281,1631,411.2473,0.8081,0.5734,23,4.3694,5.4227,Failed,2
0.1823,344,1.1234,524,86.6715,0.3207,0.0983,1,3.7403,6.172,Intact,0
12.2504,4943,2.0402,1963,242.9087,0.5624,0.4493,32,2.329,6.1475,Failed,2
10.6322,4892,0.6693,320,58.4618,0.2794,0.9405,18,3.0175,5.4558,Failed,2
10.9622,371,1.4767,1970,341.0766,0.7825,0.9528,8,5.4431,3.2913,Failed,2
11.5919,3611,1.8861,1440,474.9498,0.8865,0.2393,27,5.3625,5.8735,Failed,2
1.2033,1871,1.6168,89,68.5447,0.3986,0.6241,34,3.1217,3.3151,Intact,0
5.4411,1362,0.6325,2032,366.9416,0.8629,0.4741,38,5.487,5.4716,Failed,2
1.8264,2524,1.0174,2286,316.1191,0.2671,0.8757,9,4.9594,5.2424,Damaged,1
12.9602,4461,2.0027,1043,291.8025,0.5347,0.2714,0,4.1384,5.5356,Failed,2
9.3871,1020,1.4747,2062,195.0601,0.8588,0.0037,41,2.1404,4.6307,Failed,2
5.0304,3530,0.212,339,177.5658,0.3259,0.1626,20,5.1551,5.0549,Failed,2
1.047,4535,1.9503,328,22.6246,0.954,0.3495,8,3.951,6.3133,Intact,0
4.7336,4584,0.2812,630,108.9544,0.1219,0.3157,14,5.0397,2.9044,Damaged,1
4.9452,2724,1.9152,912,7.5884,0.0183,0.7914,34,4.9205,3.7354,Damaged,1
10.9711,3860,0.6657,303,290.7086,0.9041,0.6806,4,4.9155,4.9454,Failed,2
9.5996,2150,2.4036,230,52.9266,0.0686,0.2996,40,4.4436,6.3562,Failed,2
13.3195,3600,1.0463,730,436.5097,0.9919,0.4577,21,3.02,2.8823,Failed,2
7.136,1265,0.9519,874,261.5715,0.9514,0.0956,40,3.1766,2.5902,Failed,2
1.882,475,0.5424,749,349.845,0.137,0.8981,22,3.0796,2.723,Damaged,1
10.7273,2133,0.9029,1399,205.4285,0.5376,0.9354,6,2.0702,2.7096,Failed,2
11.4357,245,2.2163,1430,280.2899,0.1849,0.9798,22,4.039,6.1313,Failed,2
8.463,4488,2.4916,1723,471.3296,0.4282,0.8686,43,4.4459,5.385,Failed,2
11.5874,531,1.0471,2488,41.367,0.0614,0.174,24,4.9885,5.2084,Failed,2
7.4576,804,1.2318,1688,126.9689,0.2239,0.0462,26,2.4906,4.5903,Failed,2
7.8887,2732,1.8608,2007,389.9942,0.3633,0.5796,40,3.9046,5.6278,Failed,2
6.4704,4594,2.2383,261,49.3686,0.4386,0.9126,5,2.028,3.1226,Failed,2
0.4787,1063,1.564,1588,37.8306,0.9775,0.1774,33,2.3328,4.0678,Intact,0
1.7076,2334,1.1005,433,180.7707,0.8079,0.007,8,2.1897,4.46,Damaged,1
0.5683,2141,1.149,1764,46.084,0.7374,0.8055,32,4.5392,2.9416,Intact,0
9.5825,1928,1.7999,391,292.5392,0.537,0.0768,5,2.2837,4.1781,Failed,2
4.7839,2208,0.2074,1888,113.1376,0.84,0.4137,36,4.5076,3.766,Failed,2
7.6777,4168,1.6251,2037,447.849,0.3393,0.6789,30,2.8737,2.6423,Failed,2
13.6227,1038,1.0176,893,391.75,0.7089,0.2368,33,5.072,3.0469,Failed,2
3.8145,4905,2.0267,1584,349.8526,0.9938,0.084,40,4.846,5.5561,Failed,2
6.2147,906,0.4139,469,308.472,0.3146,0.77,28,5.3524,2.5722,Failed,2
11.3577,1563,1.5529,2038,431.7329,0.674,0.6302,13,5.0932,6.237,Failed,2
3.5091,3515,1.3062,1982,111.531,0.8443,0.9885,35,5.2667,2.8457,Damaged,1
1.247,110,1.6773,1899,436.5544,0.9158,0.3443,35,5.0056,5.697,Damaged,1
4.4173,1968,0.3492,355,394.7461,0.7179,0.0618,14,4.4268,6.0945,Failed,2
2.5022,4967,1.534,918,374.0804,0.2836,0.7344,7,2.5959,6.2645,Damaged,1
13.9525,984,1.4914,1185,280.6278,0.3263,0.5217,25,2.951,5.9699,Failed,2
12.141,3664,1.4895,1484,123.1221,0.0208,0.2132,35,2.7445,3.6502,Failed,2
9.5377,1489,1.588,255,211.774,0.7609,0.7817,20,4.1126,3.8323,Failed,2
13.0848,3501,1.7559,545,396.7853,0.0427,0.2038,27,3.7627,4.2062,Failed,2
12.0747,4421,2.0515,1959,15.8892,0.8647,0.2607,3,5.0348,3.0572,Failed,2
2.8799,924,0.8206,1095,391.0254,0.1187,0.0925,15,5.3344,2.5891,Damaged,1
13.3991,2365,2.0976,262,120.0354,0.1719,0.3994,21,3.417,5.9765,Failed,2
8.1362,1036,1.346,359,72.1546,0.4765,0.4189,11,3.7722,4.7165,Failed,2
12.1309,2900,0.3772,2041,57.8507,0.7379,0.5146,15,5.4003,4.9349,Failed,2
13.4518,2653,0.3347,321,13.625,0.139,0.709,39,2.9668,6.208,Failed,2
4.8383,3945,0.9687,1872,261.7932,0.4401,0.9061,37,4.7734,5.1605,Failed,2
1.7398,1896,2.0053,2129,109.1299,0.4829,0.1377,41,2.7883,5.2634,Damaged,1
3.4962,153,1.8277,492,494.7159,0.2123,0.0543,36,4.3851,5.6479,Failed,2
6.4639,826,2.0138,2259,287.2184,0.1156,0.0185,28,2.8877,2.9654,Failed,2
12.2884,2836,1.3897,303,68.9426,0.8364,0.1436,17,5.0931,3.9406,Failed,2
12.9249,3270,1.2125,570,344.3813,0.5025,0.6579,9,3.9652,6.3728,Failed,2
0.2036,2013,0.5391,1026,448.8718,0.0144,0.7275,41,2.6508,6.1917,Intact,0
7.7101,1696,0.9548,59,372.5897,0.803,0.7865,38,2.7853,6.0363,Failed,2
6.3194,2014,1.1982,1633,38.2199,0.9808,0.2437,17,3.7285,4.3084,Failed,2
3.4094,2566,0.4038,1184,447.9421,0.6059,0.3059,0,5.3656,5.9288,Failed,2
1.886,2837,0.7074,202,396.9647,0.5037,0.4831,38,4.6937,2.6936,Damaged,1
5.1305,949,1.5759,1708,79.152,0.8784,0.0632,20,3.7091,3.0941,Failed,2
14.1494,2209,1.892,1906,25.8929,0.9525,0.6111,0,3.182,4.1559,Failed,2
4.9157,102,2.4962,1264,278.6553,0.7545,0.9837,14,3.9224,4.4336,Failed,2
7.83,4355,2.3462,1802,78.0179,0.4455,0.3608,3,4.6193,3.554,Failed,2
10.575,4169,1.6779,1154,417.2955,0.5922,0.7528,19,4.7438,3.9259,Failed,2
5.5181,4976,1.1689,944,179.1673,0.7009,0.5,9,3.1361,3.1511,Failed,2
14.5796,992,1.6632,1161,456.4462,0.1943,0.1278,22,4.5241,4.4565,Failed,2
14.4405,2130,2.007,153,282.8441,0.4472,0.5822,40,4.3023,5.6754,Failed,2
3.8516,3260,0.4722,1964,91.3362,0.8298,0.2999,33,5.3569,5.1454,Failed,2
7.509,2476,1.1428,1056,69.7994,0.6547,0.0344,45,5.2588,2.9312,Failed,2
4.5831,4775,2.1315,456,288.2362,0.4112,0.6349,32,4.7628,4.4503,Failed,2
4.3441,2033,1.0828,1451,380.9418,0.6634,0.8589,33,4.5319,5.2906,Failed,2
0.6496,1480,1.5153,216,390.7528,0.1182,0.3448,38,2.9591,4.6196,Intact,0
9.1825,3781,1.5519,558,137.8787,0.4015,0.3903,9,4.9609,4.0667,Failed,2
7.5899,1390,0.6243,1711,102.1234,0.7931,0.891,19,3.4963,4.9877,Failed,2
0.867,1740,1.0331,2410,8.3782,0.2205,0.8136,0,2.9528,6.3746,Intact,0
4.2518,2782,0.9694,812,339.5996,0.186,0.715,12,3.3446,2.8796,Failed,2
13.6332,1087,0.2603,730,38.2841,0.9508,0.2488,0,4.9258,4.0601,Failed,2
3.6695,1318,0.2556,2170,210.3806,0.2099,0.9102,4,2.5202,4.1264,Failed,2
2.2589,1455,2.1129,1214,300.8411,0.2609,0.1544,15,3.5966,4.8079,Damaged,1
7.3928,4365,0.8281,631,468.5545,0.9696,0.6268,14,3.7233,3.1087,Failed,2
14.7862,4716,1.3916,311,155.9011,0.7347,0.0288,27,2.1282,3.2066,Failed,2
3.7066,4235,0.8871,1413,124.8861,0.6996,0.6437,30,2.6851,3.6414,Damaged,1
10.1148,1660,2.3636,1381,327.0801,0.8529,0.2771,22,4.8936,6.3235,Failed,2
11.4481,1518,0.7964,2342,309.6195,0.1158,0.4497,44,4.9077,5.4364,Failed,2
3.6408,1054,1.1882,1588,166.0549,0.706,0.3453,42,3.0235,5.1468,Failed,2
10.9504,1083,2.2073,610,464.0509,0.5037,0.1728,16,5.0621,5.7678,Failed,2
5.58,1074,2.1364,1149,422.4312,0.8292,0.622,33,4.7012,3.0103,Failed,2
9.5214,4233,0.628,1953,111.9913,0.5081,0.882,12,3.4627,5.9373,Failed,2
9.5396,4072,2.0461,224,119.5713,0.6202,0.9591,13,4.6194,4.8793,Failed,2
8.083,1013,1.2538,2206,256.1502,0.4777,0.1923,10,5.3647,3.8413,Failed,2
1.4453,4649,1.3108,2280,386.7861,0.4782,0.7174,27,3.6064,5.7634,Damaged,1
12.546,136,0.507,241,22.0202,0.768,0.6643,41,2.8345,5.7103,Failed,2
4.8796,3487,0.3854,114,346.6676,0.6286,0.3434,31,5.2964,5.8828,Failed,2
2.8791,1811,1.8743,1547,324.1179,0.6333,0.0191,34,4.1131,2.9621,Damaged,1
0.7075,3120,1.3419,1617,115.74,0.4503,0.6898,30,2.3684,6.3774,Intact,0
8.9043,895,1.2048,1201,340.6765,0.5311,0.9455,16,4.0044,6.3385,Failed,2
10.1957,4136,1.8779,1987,470.0916,0.7457,0.6321,8,3.752,3.9299,Failed,2
0.3472,4788,1.9607,418,23.3929,0.8259,0.4353,9,4.9946,2.7636,Intact,0
7.7302,3211,0.5655,900,159.826,0.6966,0.5252,7,3.8574,3.1682,Failed,2
3.4748,1424,1.6035,92,219.0884,0.9241,0.1996,20,2.8933,6.4713,Failed,2
9.7131,417,0.5113,1957,449.6302,0.8203,0.7505,12,4.3648,4.7521,Failed,2
2.6981,2496,1.9282,127,481.1307,0.5619,0.7464,4,3.899,3.9265,Failed,2
10.395,2262,1.711,1874,222.0576,0.6714,0.1455,5,2.8157,3.6528,Failed,2
5.8624,2845,2.4002,1343,375.0142,0.9263,0.878,29,4.0077,3.528,Failed,2
14.0573,1691,0.3586,723,265.8305,0.6192,0.2692,30,4.8754,5.1566,Failed,2
2.1491,3211,0.3312,750,268.8915,0.8248,0.9823,16,2.1,4.1776,Damaged,1
5.1819,4030,0.849,808,139.0498,0.6888,0.3829,10,4.208,6.3616,Failed,2
1.7908,2096,0.8019,1973,108.4781,0.5519,0.1779,19,3.2235,5.2354,Damaged,1
13.8779,1412,0.7681,951,144.0027,0.2418,0.3517,8,3.0244,5.6682,Failed,2
13.1724,1385,2.2844,1042,278.164,0.426,0.4402,1,3.3741,3.671,Failed,2
3.9433,4411,0.774,1241,14.5776,0.9677,0.0693,36,3.1971,2.8167,Failed,2
9.9338,2483,0.8255,2436,453.6245,0.6578,0.5782,0,4.9128,4.4513,Failed,2
12.2766,3339,1.9466,2290,78.1419,0.5644,0.5976,3,2.9618,3.7583,Failed,2
8.3725,2239,1.2344,1526,110.0443,0.933,0.7389,35,4.566,3.3083,Failed,2
7.9918,1804,1.9864,2380,259.1381,0.5865,0.0292,24,2.3292,6.3106,Failed,2
3.7036,462,0.3503,439,355.0574,0.5261,0.5412,2,5.3299,4.276,Failed,2
1.4872,2704,1.3214,1049,47.8645,0.7593,0.0529,8,4.1781,3.1988,Damaged,1
13.4685,1816,0.2773,574,158.8473,0.7127,0.7011,21,4.4735,3.2946,Failed,2
13.5162,4551,0.3441,1905,484.3373,0.1932,0.0557,22,3.0431,3.6228,Failed,2
9.5332,4386,2.2848,1556,131.1715,0.4713,0.9117,11,3.4423,6.4973,Failed,2
5.1515,3838,0.5203,708,156.5251,0.4725,0.7021,9,2.7832,3.572,Failed,2
5.3032,2569,1.4246,940,418.2492,0.3782,0.5074,33,5.2639,3.8152,Failed,2
10.9167,4895,1.1455,1531,25.1072,0.5173,0.4415,42,3.7084,5.1373,Failed,2
13.4669,656,0.9989,501,232.3066,0.4131,0.1307,9,4.2066,3.6758,Failed,2
13.3176,925,2.2696,1587,189.8084,0.1993,0.291,29,4.57,3.3632,Failed,2
11.7201,2908,0.2502,932,158.2934,0.4124,0.869,21,3.2989,3.1345,Failed,2
9.6663,4621,1.7267,362,142.8498,0.0723,0.9045,5,4.5204,3.7507,Failed,2
1.3537,2819,2.4158,889,45.6871,0.5758,0.0007,1,4.366,2.9237,Intact,0
2.5083,3608,1.4884,424,157.4129,0.8537,0.5941,29,4.4698,2.5746,Damaged,1
13.4885,3841,2.3547,500,21.5262,0.7253,0.7193,1,3.7123,5.7186,Failed,2
9.1358,1674,0.3202,644,390.4819,0.3604,0.6187,31,3.3403,3.0516,Failed,2
0.237,4098,1.1632,1283,199.1139,0.0871,0.0817,41,2.7773,5.6039,Intact,0
1.6119,2229,0.7984,549,221.9519,0.2021,0.2177,15,4.8862,5.6902,Damaged,1
9.9862,2503,1.8809,513,446.7973,0.5455,0.2503,11,4.1292,4.6517,Failed,2
0.1754,3429,2.457,162,329.0275,0.2071,0.8317,0,3.5552,3.7387,Intact,0
2.496,688,0.79,1085,4.0296,0.544,0.4632,7,5.304,3.0801,Damaged,1
8.2761,2112,1.7046,2428,471.5874,0.2316,0.4868,12,2.1674,5.4472,Failed,2
10.4092,1647,0.6556,1974,118.5722,0.8489,0.9349,14,4.9756,4.9055,Failed,2
9.8142,394,1.5003,189,53.8071,0.3973,0.6371,43,5.4915,5.1218,Failed,2
3.4416,2085,1.267,1474,384.0641,0.2456,0.8987,7,5.1043,2.5347,Failed,2
10.7115,3217,2.4356,566,250.2387,0.8123,0.4565,9,4.8365,6.2101,Failed,2
3.635,1790,1.5996,1997,216.8853,0.3428,0.1494,45,3.3101,2.7652,Failed,2
4.9485,1236,1.0039,2215,124.7515,0.1115,0.9299,4,2.8096,3.9672,Failed,2
11.2227,2164,0.4624,937,273.7357,0.5704,0.4587,18,4.572,4.1108,Failed,2
9.7795,4555,0.5479,1391,137.1923,0.5816,0.1816,37,3.066,2.5054,Failed,2
12.7534,4895,0.7182,99,450.7915,0.7147,0.3024,10,2.6161,4.4884,Failed,2
9.8984,4643,0.7772,68,107.6022,0.2402,0.0508,42,4.7528,5.5112,Failed,2
8.5678,4870,2.1564,775,442.1776,0.4438,0.4683,19,3.0939,5.7931,Failed,2
1.4958,1107,1.4908,2294,279.7027,0.2824,0.8531,19,5.2005,6.0176,Damaged,1
5.579,2614,1.4038,1523,414.2441,0.081,0.9336,20,4.9422,4.4509,Failed,2
4.0515,3626,0.464,501,356.423,0.8766,0.9326,17,4.9667,5.0225,Failed,2
3.7354,4781,2.1783,2386,348.3476,0.7289,0.1252,9,4.7005,2.8181,Failed,2
14.5979,1347,1.8625,1214,162.1729,0.3015,0.3821,33,5.0831,4.4522,Failed,2
5.9572,4002,0.3556,1157,116.9485,0.5994,0.0282,25,4.8201,3.1193,Failed,2
13.3915,1535,1.828,2488,105.4431,0.2013,0.8552,29,4.1088,3.9786,Failed,2
9.504,671,1.4501,264,428.5958,0.8902,0.3588,8,3.0354,3.8172,Failed,2
11.9427,2482,0.388,1599,410.2134,0.1149,0.6311,45,5.1087,4.1942,Failed,2
7.5893,1345,1.2541,2312,220.2868,0.0038,0.7149,30,4.9421,4.7865,Failed,2
8.6959,2184,1.3148,177,66.2023,0.502,0.4298,41,3.6551,6.1115,Failed,2
7.4385,377,0.5813,1895,191.1261,0.5831,0.3064,3,2.1368,4.0779,Failed,2
3.0091,1987,2.3751,809,309.6717,0.579,0.9622,5,4.2349,6.4245,Failed,2
10.8645,4679,2.1549,1865,227.2016,0.0545,0.9645,13,2.1771,5.5361,Failed,2
4.2835,1365,1.7388,2435,390.0946,0.314,0.2894,3,5.242,4.5459,Failed,2
0.4623,4926,1.2633,410,498.8114,0.4992,0.4796,25,5.3657,5.0761,Intact,0
9.7175,1140,1.1471,618,95.566,0.2166,0.9728,38,2.6632,2.9089,Failed,2
2.7389,1017,1.6972,1465,229.8254,0.8726,0.0049,16,4.3674,5.8781,Damaged,1
14.1128,985,1.4545,2315,215.492,0.0871,0.4127,18,2.3229,4.8294,Failed,2
14.3135,2852,0.3432,1647,152.2463,0.4874,0.1005,5,4.5533,6.4443,Failed,2
13.7315,121,1.3788,1742,99.0478,0.6914,0.5092,28,3.2155,5.0457,Failed,2
5.6154,4669,2.0547,251,32.8461,0.2618,0.0247,10,4.3837,5.8364,Failed,2
0.3303,3291,1.2563,2114,443.5597,0.6242,0.4069,15,3.3051,5.6991,Intact,0
13.9319,2453,0.3195,2419,209.9243,0.8294,0.2207,29,2.5095,3.8818,Failed,2
6.4799,4899,2.0084,567,248.4478,0.1903,0.5333,24,3.4214,3.5384,Failed,2
14.5032,786,0.6631,1398,458.471,0.9172,0.996,39,2.3944,4.222,Failed,2
14.4579,384,0.7948,1485,388.1452,0.5536,0.8005,10,4.0191,4.369,Failed,2
12.8098,4911,0.5788,1391,65.2506,0.2992,0.8456,6,2.1433,3.4603,Failed,2
4.4873,3847,0.9595,730,282.71,0.4309,0.6353,25,3.8456,6.0784,Failed,2
5.838,862,1.9405,2038,221.1261,0.3122,0.0416,21,5.1023,4.6702,Failed,2
12.7819,2528,1.3946,1541,398.6055,0.7251,0.2068,24,4.9326,6.4138,Failed,2
4.8221,2607,0.6712,474,362.1163,0.7963,0.9251,18,5.0897,5.7401,Failed,2
2.6254,128,2.219,2018,345.2029,0.8329,0.3661,30,5.2272,4.7228,Failed,2
8.3963,1006,2.223,1762,170.2724,0.9858,0.1036,25,2.3658,6.2882,Failed,2
14.0487,3204,2.2023,2484,402.4819,0.7913,0.7024,41,2.4506,4.5195,Failed,2
10.4708,4099,0.7492,827,26.1956,0.6014,0.2995,40,3.9495,6.0484,Failed,2
8.5939,3094,1.2379,2195,79.8125,0.3392,0.2689,35,5.1289,3.9326,Failed,2
1.5479,2606,2.4655,1876,167.8116,0.5446,0.998,22,5.4102,4.0146,Damaged,1
9.2636,4765,1.9756,257,38.4037,0.0411,0.8581,12,2.1619,4.1725,Failed,2
14.8518,3709,0.2625,1587,117.4971,0.7448,0.4079,24,3.2452,4.6865,Failed,2
2.1873,3653,0.35,1709,415.0755,0.446,0.9803,1,2.7451,4.714,Damaged,1
7.8231,1553,1.267,2263,474.1258,0.02,0.6501,1,4.6459,4.4856,Failed,2
13.1729,4933,2.2912,71,152.3012,0.0625,0.742,15,4.2407,3.724,Failed,2
11.1375,3456,1.439,203,132.2579,0.3875,0.0315,8,2.4196,6.2088,Failed,2
10.4855,615,1.345,2012,139.9463,0.5834,0.1216,27,3.6923,4.8543,Failed,2
10.567,138,0.4426,268,138.8595,0.4642,0.6331,12,4.399,4.131,Failed,2
5.4564,3442,1.7106,718,17.9651,0.6192,0.899,34,4.7265,5.1047,Failed,2
4.4745,986,2.0908,1568,463.4582,0.4803,0.6237,40,2.0702,5.5719,Failed,2
12.1595,2944,1.075,2327,106.8491,0.6617,0.134,12,5.1166,6.3429,Failed,2
12.1707,2304,1.9839,2117,210.002,0.2191,0.1158,30,3.9925,4.4982,Failed,2
13.0194,1198,2.4183,999,4.8434,0.1128,0.8442,20,4.8417,2.9484,Failed,2
13.7073,1923,0.6687,2245,428.9775,0.5964,0.1393,31,4.8278,4.2631,Failed,2
7.719,3301,1.4037,452,365.5787,0.4847,0.5202,33,2.6645,4.4159,Failed,2
7.5726,3255,0.8604,645,473.378,0.0269,0.0371,7,2.3856,6.088,Failed,2
11.9946,3193,2.0236,2464,390.8077,0.3805,0.0807,40,4.5245,4.0792,Failed,2
9.7845,3630,1.5285,1487,156.8533,0.1061,0.6723,1,2.5475,6.3133,Failed,2
10.5593,3878,1.6595,1207,123.9367,0.5314,0.6892,37,4.9748,4.4405,Failed,2
11.9573,2996,2.0352,1792,348.8582,0.3958,0.3415,31,4.5417,6.3951,Failed,2
13.3611,3553,1.1107,1356,182.0564,0.6132,0.2156,39,4.9464,2.5328,Failed,2
5.1361,3611,2.3047,122,283.1075,0.8056,0.8137,27,3.0465,6.0953,Failed,2
5.6962,1088,1.426,530,3.1287,0.2997,0.2171,36,3.1081,6.2245,Failed,2
1.5003,4216,0.5633,609,30.9429,0.9621,0.542,40,4.3493,6.3441,Damaged,1
8.7164,4126,1.8006,794,267.684,0.5356,0.9682,0,2.1101,2.5523,Failed,2
0.6355,4279,2.0245,1516,283.0358,0.6183,0.1479,40,4.5427,3.1868,Intact,0
7.0374,1782,0.9286,149,375.7265,0.6807,0.9409,9,4.9252,5.1151,Failed,2
8.1854,4765,2.1715,1132,65.9827,0.6667,0.1829,3,3.4531,2.6019,Failed,2
4.3695,4063,2.2841,2355,256.5915,0.511,0.5674,34,4.6771,2.7544,Failed,2
8.9034,1033,0.8369,462,97.2238,0.4288,0.377,9,2.6111,3.3843,Failed,2
0.5545,3698,2.4621,1138,46.5981,0.0538,0.9649,10,3.1279,4.5498,Intact,0
0.6565,3333,0.5236,1227,205.2479,0.0221,0.2735,13,5.4101,4.6836,Intact,0
12.3567,2080,0.6646,2058,81.6683,0.358,0.3997,37,5.4521,2.637,Failed,2
5.4668,1955,0.6237,2363,110.891,0.3337,0.9829,11,3.7941,3.1815,Failed,2
1.9932,3156,2.2562,870,158.7773,0.3877,0.5365,44,5.2699,4.4988,Damaged,1
7.8814,892,1.7049,711,129.6942,0.1384,0.5026,16,3.8296,4.8758,Failed,2
11.5729,891,0.5498,609,43.7956,0.7382,0.2578,15,3.0206,3.0936,Failed,2
3.3157,1909,1.2127,1321,44.9581,0.857,0.7014,34,2.9341,4.0954,Failed,2
9.3811,2355,1.6152,1863,96.6247,0.9387,0.0144,1,5.2533,6.1176,Failed,2
1.3717,3710,0.392,659,25.2796,0.4924,0.0495,10,2.6036,6.4956,Intact,0
0.8701,1707,2.2296,74,313.2285,0.7009,0.5994,40,4.0287,6.4489,Intact,0
8.0172,1084,2.0483,2078,143.6634,0.8556,0.3417,2,3.9443,6.0267,Failed,2
8.1555,3776,1.362,333,139.873,0.4183,0.9533,28,4.5887,4.0786,Failed,2
9.5977,3480,2.4244,1522,165.9991,0.3094,0.9032,17,3.7474,5.2463,Failed,2
10.9188,619,1.1609,350,331.3981,0.9367,0.7137,19,2.953,4.1664,Failed,2
14.6402,690,2.4635,1141,435.3169,0.5157,0.8181,13,2.5929,5.0941,Failed,2
7.7929,1150,1.7362,1080,379.5435,0.4973,0.6673,33,4.1729,3.7377,Failed,2
4.9121,3733,1.6597,866,363.7646,0.1784,0.1256,30,4.5165,4.9248,Failed,2
11.9483,4544,0.5817,132,242.1956,0.1082,0.7655,39,3.9933,4.595,Failed,2
4.1354,1059,2.2284,1970,346.9028,0.8421,0.2102,41,4.5842,2.5979,Failed,2
6.6407,792,1.1832,2143,276.3812,0.6141,0.3234,17,2.4953,5.6628,Failed,2
1.269,3999,0.5731,667,108.1253,0.3258,0.8192,29,5.0886,2.5476,Intact,0
0.4777,4573,0.229,2359,104.2942,0.1917,0.5365,24,4.0384,3.6726,Intact,0
14.4435,3046,1.4874,225,148.196,0.5555,0.8599,18,2.444,2.5237,Failed,2
12.5561,626,1.413,1239,455.4013,0.5839,0.213,7,3.6167,4.0048,Failed,2
10.47,3324,1.8545,891,273.7074,0.207,0.6078,27,4.9568,2.7526,Failed,2
6.1934,2353,2.2476,419,366.9527,0.8514,0.0838,7,5.1415,6.154,Failed,2
2.6821,3444,0.3826,1868,173.2794,0.0843,0.6431,30,2.9263,4.1627,Damaged,1
2.4309,4065,1.8824,2151,203.8579,0.3561,0.7625,2,4.4894,4.338,Damaged,1
3.8286,1975,0.631,739,62.7828,0.6804,0.5849,2,2.3499,3.8994,Failed,2
8.2835,1863,2.1738,1829,85.6475,0.2741,0.2662,43,2.1174,5.01,Failed,2
10.7475,620,2.0838,1414,413.6783,0.8277,0.0313,21,3.9614,5.6376,Failed,2
9.9369,1116,1.4438,1482,292.4193,0.7399,0.1194,16,4.4319,5.0926,Failed,2
4.271,216,1.8336,416,168.7662,0.789,0.6223,35,4.7853,5.4928,Failed,2
14.3275,2533,0.923,693,401.4256,0.1191,0.9344,16,3.1908,6.1239,Failed,2
11.0947,683,1.2837,2476,123.26,0.1405,0.2065,13,2.0228,5.9542,Failed,2
8.3599,494,2.0898,122,488.0163,0.2865,0.735,8,3.6783,5.1962,Failed,2
9.2146,3888,1.2563,1321,172.4088,0.5181,0.8665,29,2.0555,3.3586,Failed,2
6.352,2868,1.0229,909,168.6555,0.748,0.5209,20,2.3219,5.0508,Failed,2
3.7912,4267,1.3367,92,155.956,0.8365,0.6693,11,3.1434,4.5243,Failed,2
5.404,3960,2.105,2474,61.0558,0.7043,0.815,36,3.5301,5.3689,Failed,2
11.3919,373,0.971,1114,55.5686,0.9286,0.2607,31,2.9781,5.8317,Failed,2
0.3145,2113,0.5997,2267,324.0525,0.7387,0.2969,10,4.0365,5.4709,Intact,0
1.8295,4533,1.8376,2309,437.559,0.3063,0.0006,19,2.1937,5.8862,Damaged,1
0.7854,1489,2.0997,1566,395.2603,0.2651,0.9631,34,2.506,2.7555,Intact,0
0.7069,3666,0.4315,2136,70.5538,0.6962,0.9175,45,4.4334,2.6265,Intact,0
12.8464,4802,0.7517,418,272.7911,0.1929,0.7646,10,2.4975,3.534,Failed,2
10.5845,265,0.5265,200,52.7958,0.0927,0.0791,7,4.2392,6.1027,Failed,2
7.1652,1667,1.0003,1184,22.6473,0.5322,0.4475,3,2.1914,5.7946,Failed,2
1.5577,828,1.2358,1553,328.1929,0.8216,0.1019,26,3.4258,5.2309,Damaged,1
7.4251,2143,1.9223,1509,267.5762,0.1014,0.0159,43,2.6209,5.303,Failed,2
7.1547,4297,1.6976,1120,41.0118,0.7919,0.6162,39,2.3837,5.4067,Failed,2
2.6807,3596,1.6281,1073,17.4696,0.8116,0.9608,37,3.9846,6.2704,Damaged,1
6.5644,878,1.0105,1648,494.8782,0.4823,0.9029,29,5.2492,5.8288,Failed,2
6.0377,313,2.1353,2090,15.0107,0.0573,0.6968,43,2.1918,4.9936,Failed,2
9.2762,3862,1.284,1439,222.2641,0.1746,0.0966,26,3.4754,5.1629,Failed,2
9.5629,1676,2.4519,118,252.3095,0.7074,0.2742,20,4.4764,3.355,Failed,2
0.775,2548,1.6585,2396,58.6401,0.7118,0.3201,19,3.6194,5.1293,Intact,0
5.6817,3036,0.4904,993,84.5309,0.8984,0.7632,3,4.8227,4.1987,Failed,2
9.4253,3217,1.7552,851,175.9025,0.5827,0.8022,10,2.6288,3.1118,Failed,2
7.5967,691,0.9477,2393,380.8379,0.1241,0.3851,12,5.3586,5.7256,Failed,2
12.8617,2820,1.7786,2300,253.5412,0.1214,0.4179,8,3.3481,4.541,Failed,2
9.9145,813,0.3602,110,318.9509,0.7211,0.0445,3,3.1955,6.4097,Failed,2
2.5277,1035,0.6022,995,492.5873,0.1838,0.2891,11,5.0611,3.6267,Damaged,1
1.1515,4437,2.1682,1387,384.0027,0.3284,0.4513,8,3.9735,4.4227,Damaged,1
9.672,101,0.7225,1234,217.1807,0.4872,0.117,12,3.8076,4.292,Failed,2
0.495,2948,2.1252,380,223.221,0.0248,0.4533,25,4.5444,2.9831,Intact,0
8.8281,4144,0.8423,1601,309.386,0.2488,0.8532,37,4.0294,4.2045,Failed,2
14.1094,2049,1.6786,387,332.6826,0.4079,0.5813,41,2.5688,3.6502,Failed,2
8.6746,1017,1.7965,1679,250.3555,0.2796,0.0789,12,4.3597,3.1413,Failed,2
5.8837,3274,1.3791,1377,322.4306,0.1364,0.1917,38,2.4671,3.6286,Failed,2
9.685,2341,0.9022,1576,11.7662,0.728,0.4745,27,4.8205,3.433,Failed,2
6.928,189,0.6891,1723,214.8114,0.8131,0.3615,18,5.4641,5.4363,Failed,2
8.2297,1809,0.2763,1411,139.469,0.2575,0.3587,23,3.3209,2.6231,Failed,2
14.1278,2269,0.8991,1623,64.5872,0.7744,0.5293,18,3.5566,4.9699,Failed,2
5.8529,4338,1.7023,324,49.7733,0.3856,0.5844,12,2.1625,5.5426,Failed,2
14.4217,3141,2.3581,1237,301.5961,0.5067,0.7969,12,2.0481,4.4229,Failed,2
13.5897,205,2.2038,2416,261.8003,0.856,0.341,27,5.225,6.2263,Failed,2
3.0173,986,1.9619,2484,126.7921,0.75,0.8055,1,2.4502,5.3315,Failed,2
1.1335,527,2.0134,2043,235.475,0.8051,0.3386,9,3.5602,5.4917,Damaged,1
1.6016,1995,1.7295,919,246.1162,0.1368,0.0554,21,4.8537,3.2877,Damaged,1
0.3715,416,0.7987,1064,97.5045,0.0697,0.5542,12,5.1126,5.6092,Intact,0
1.5072,734,2.2865,1961,326.0465,0.8934,0.5879,8,3.8179,5.8284,Damaged,1
10.2768,2025,1.7427,652,390.4597,0.3878,0.9345,32,3.9776,3.9451,Failed,2
1.1607,2156,1.489,1849,395.7318,0.2879,0.7261,13,4.3439,3.3535,Damaged,1
4.8527,3244,0.4553,740,301.2349,0.7247,0.9178,19,5.3648,4.0402,Failed,2
12.6886,2370,1.2282,543,255.8193,0.8364,0.9083,14,4.1093,5.4584,Failed,2
0.4468,1539,1.2588,539,30.5036,0.8625,0.6046,31,3.9582,4.1706,Intact,0
12.2356,652,2.1885,439,143.9156,0.316,0.5278,32,2.0509,5.4466,Failed,2
4.2996,815,1.4573,344,46.6357,0.8522,0.5574,16,2.2833,2.9543,Failed,2
1.8607,4011,1.0749,1442,481.9116,0.0409,0.9783,23,4.0201,5.724,Damaged,1
10.4814,1813,2.4466,1767,67.5401,0.0497,0.7732,29,5.2768,3.5128,Failed,2
9.4712,3489,0.4547,698,75.8877,0.6235,0.1063,12,5.0334,3.4957,Failed,2
13.1743,1207,1.1719,1923,444.7883,0.0631,0.7784,15,5.439,4.8615,Failed,2
11.0526,4306,0.2967,617,471.9641,0.3246,0.1705,1,3.8474,2.7805,Failed,2
12.0719,350,1.9018,494,382.9145,0.6728,0.4474,16,4.7578,2.6052,Failed,2
4.3023,2530,2.3116,412,2.7025,0.3373,0.2105,31,4.9414,3.5441,Damaged,1
2.7438,2154,0.8441,2220,0.6731,0.1796,0.6896,42,4.2681,4.6523,Damaged,1
11.2842,558,2.1742,1261,189.0504,0.2814,0.8773,7,3.1856,6.1305,Failed,2
12.1218,307,0.8721,791,71.6977,0.4576,0.2904,2,3.6449,5.8857,Failed,2
14.8585,999,2.2948,2091,9.1931,0.4754,0.082,11,5.0027,4.4618,Failed,2
6.248,3561,1.9341,729,232.0333,0.783,0.2985,19,3.0449,2.6482,Failed,2
5.6431,3485,2.0513,1692,471.5309,0.7502,0.6724,15,5.2331,4.641,Failed,2
11.6686,121,0.2414,1622,161.9098,0.4568,0.3288,13,2.8043,5.3192,Failed,2
5.178,509,2.4145,1408,330.5703,0.8457,0.2781,15,4.6233,3.8567,Failed,2
13.9683,994,1.8713,2189,326.1177,0.1142,0.1844,42,4.207,2.9443,Failed,2
12.8904,614,0.9009,112,125.5401,0.2554,0.4975,32,4.6236,3.6143,Failed,2
6.492,4209,2.1076,1212,325.2126,0.828,0.2759,29,3.5307,5.5864,Failed,2
11.288,2234,0.8475,1278,106.167,0.378,0.731,11,5.2642,3.905,Failed,2
11.3427,3695,2.2073,305,61.0037,0.9812,0.0766,14,4.2137,5.7479,Failed,2
1.6365,3056,0.4589,184,350.6916,0.4663,0.664,17,3.009,3.7781,Damaged,1
13.548,1660,1.8185,924,56.7204,0.7919,0.2376,27,4.2346,3.1542,Failed,2
7.6283,1366,1.4436,871,498.4546,0.4023,0.4893,22,3.0039,4.2434,Failed,2
12.4142,2269,0.422,2185,91.7262,0.425,0.2861,13,3.0277,4.3091,Failed,2
4.8687,3738,0.7564,872,297.0709,0.3829,0.7228,29,3.3986,2.5644,Failed,2
13.4433,849,0.2285,1023,205.6873,0.7191,0.9453,32,4.9835,2.9682,Failed,2
5.8991,3527,1.2782,1827,63.1932,0.5475,0.9171,44,3.751,3.2397,Failed,2
0.2615,4880,0.8929,170,13.922,0.9438,0.5834,14,4.3762,2.9543,Intact,0
13.5902,2027,1.5762,1687,311.3661,0.2509,0.4626,6,3.3719,3.8661,Failed,2
1.4602,3904,0.8836,1414,403.3788,0.1006,0.8183,14,2.9226,6.3585,Damaged,1
4.8578,3802,0.8898,1057,421.0078,0.3933,0.6833,41,5.3412,4.5369,Failed,2
14.2559,2456,1.9093,974,241.3567,0.6167,0.1836,45,4.1125,5.0102,Failed,2
14.264,4890,0.3107,694,388.7277,0.8608,0.8209,37,5.2688,3.9255,Failed,2
8.6442,2435,2.2767,2082,336.4236,0.3462,0.4289,45,2.7119,3.794,Failed,2
9.5144,406,2.1602,2118,362.1273,0.6538,0.189,43,2.5141,2.5926,Failed,2
6.7818,3765,1.736,291,246.2995,0.3502,0.2818,10,4.9954,4.5013,Failed,2
4.4688,2089,1.5644,2400,316.7059,0.6172,0.2675,28,4.3832,4.4344,Failed,2
4.9971,761,2.2523,1669,402.763,0.8848,0.5192,30,2.653,3.1313,Failed,2
10.1205,4744,0.6263,852,198.9421,0.2314,0.2344,24,2.9428,5.5573,Failed,2
11.3104,411,0.3816,1013,402.9895,0.4042,0.1236,23,4.8023,4.4707,Failed,2
11.8945,3020,0.7509,118,296.0084,0.9933,0.1237,18,3.5885,3.856,Failed,2
11.8653,1182,2.0275,1202,82.9505,0.8686,0.5833,1,4.3469,3.0876,Failed,2
1.459,3071,0.2797,245,12.3421,0.5646,0.7348,21,3.1142,4.7086,Intact,0
7.4669,854,1.5405,2237,181.3768,0.5166,0.3215,19,3.3343,5.5113,Failed,2
0.9576,4230,2.4895,2380,273.3482,0.2846,0.0347,32,5.4675,3.628,Intact,0
8.288,4640,2.1681,2409,419.9102,0.5172,0.1272,7,2.8667,3.3752,Failed,2
6.6788,452,1.3993,795,63.7428,0.8482,0.9147,24,3.7726,4.5877,Failed,2
13.3268,1002,0.3464,1738,400.1032,0.6852,0.4935,45,4.9554,3.1214,Failed,2
5.3286,3988,2.1122,326,431.5045,0.29,0.4536,8,2.8373,5.1665,Failed,2
1.8443,258,1.5777,110,75.3437,0.2015,0.038,33,3.4532,4.9214,Damaged,1
2.2306,2077,0.4643,1963,425.7972,0.2652,0.7286,22,4.1528,2.8483,Damaged,1
11.4465,1056,0.4159,2149,495.7268,0.1698,0.5281,4,3.6842,2.6461,Failed,2
9.3114,2171,2.2921,2250,363.4194,0.0956,0.2021,24,3.6083,4.9812,Failed,2
1.6067,503,1.7392,1822,392.3848,0.4191,0.1101,7,3.2688,3.6772,Damaged,1
1.3532,4711,2.1074,1384,497.2076,0.1133,0.3834,15,4.0533,2.8458,Damaged,1
10.5444,2879,2.2217,1887,302.7406,0.1719,0.8372,44,4.1853,5.5377,Failed,2
1.1842,1487,1.5151,616,153.9432,0.5473,0.8653,14,4.2865,3.7562,Intact,0
12.3457,3553,1.3901,1621,418.7654,0.1646,0.6028,0,2.2463,4.3384,Failed,2
10.623,1055,1.19,671,307.2429,0.0639,0.7275,21,4.2086,3.4473,Failed,2
1.3121,1812,0.929,2075,290.5977,0.3174,0.1152,2,5.3363,5.0093,Damaged,1
1.3641,4803,1.1996,1250,126.8178,0.2203,0.5881,37,3.8935,3.706,Intact,0
14.8009,1373,1.9799,363,378.1671,0.5153,0.667,13,4.5034,6.3721,Failed,2
5.6766,3911,1.5844,2194,40.8336,0.1024,0.2007,35,3.9486,5.3118,Failed,2
5.6226,2725,2.2528,1286,462.1435,0.7518,0.8802,17,4.9916,3.0469,Failed,2
12.2107,2482,1.2198,186,162.9117,0.9062,0.195,40,5.2535,4.1668,Failed,2
14.214,1541,1.5963,1079,63.8873,0.7434,0.3135,17,2.6448,4.0417,Failed,2
14.7914,3079,1.652,2206,221.1833,0.5328,0.6206,2,3.529,4.637,Failed,2
11.3253,1897,1.5609,711,21.235,0.8607,0.6384,9,3.3733,5.8677,Failed,2
5.7063,4490,1.8161,2358,342.3131,0.6949,0.6994,38,3.4183,4.8337,Failed,2
1.3442,4109,0.7461,136,451.3528,0.0106,0.112,0,2.4393,2.7462,Damaged,1
11.6795,4950,1.3784,2173,418.6315,0.3941,0.8495,26,4.8477,5.1217,Failed,2
8.4202,1494,0.4397,1358,63.6847,0.851,0.5328,26,2.1252,2.5331,Failed,2
6.4209,4381,1.0844,1750,63.1356,0.3459,0.4713,10,3.8488,5.6198,Failed,2
13.6047,1369,1.3216,544,406.7172,0.0352,0.9811,4,4.3166,5.1665,Failed,2
1.7568,4832,1.7001,1697,462.1271,0.7462,0.7404,6,2.7261,3.7351,Damaged,1
7.4401,3814,2.3862,1992,230.3349,0.802,0.118,18,5.1705,3.6698,Failed,2
0.2692,629,1.5815,1118,249.4856,0.1606,0.7565,28,4.9349,5.6931,Intact,0
7.083,3723,1.9103,1474,159.131,0.5373,0.0952,14,3.6488,5.6333,Failed,2
0.9389,3058,1.3644,646,447.1326,0.192,0.0275,34,3.439,3.9092,Intact,0
1.8704,3014,1.6584,499,322.4515,0.7192,0.4036,36,2.828,3.6958,Damaged,1
1.8511,4989,0.3631,534,144.1258,0.2716,0.9936,11,4.555,4.7393,Damaged,1
9.7732,3691,0.7851,695,149.3914,0.3162,0.1749,29,2.4611,2.5335,Failed,2
11.2161,2247,1.0323,1679,445.6,0.845,0.6726,19,4.3808,2.8307,Failed,2
8.7922,4673,1.2867,711,6.817,0.4763,0.1734,36,4.9486,3.0047,Failed,2
14.4364,3469,0.305,807,161.3633,0.6698,0.7248,2,2.7997,3.2416,Failed,2
5.6856,1039,0.5221,338,277.1783,0.4024,0.5054,8,5.0325,4.5481,Failed,2
4.3571,625,0.8367,770,74.1087,0.298,0.68,40,2.1166,6.469,Failed,2
13.0421,101,2.4345,687,46.0494,0.6255,0.2029,38,5.1948,5.1105,Failed,2
3.4316,474,0.9621,2332,407.6382,0.1549,0.7456,25,2.4143,2.7452,Failed,2
14.452,2440,1.3087,548,447.2022,0.373,0.9956,1,4.2602,4.6023,Failed,2
0.2811,4105,0.651,683,411.8032,0.209,0.6657,22,2.8753,4.4866,Intact,0
14.5512,3152,1.6048,1723,449.3939,0.6958,0.4935,22,4.9279,3.0767,Failed,2
0.7431,4748,0.8456,2080,276.556,0.9442,0.9232,20,3.7931,6.1811,Intact,0
13.378,2465,0.6761,164,406.1291,0.9955,0.0159,15,2.4733,4.2631,Failed,2
7.9627,1625,1.3881,723,192.0213,0.4503,0.7299,8,3.9985,6.4782,Failed,2
14.8952,4576,0.2127,1786,333.1339,0.2525,0.8887,12,3.4276,4.1803,Failed,2
1.1996,1746,0.2176,1307,494.4178,0.4428,0.0617,27,4.3151,4.9318,Damaged,1
8.3524,113,0.7039,2303,112.8639,0.8473,0.4501,26,5.0867,2.9191,Failed,2
14.5426,4699,0.2845,2344,194.9499,0.206,0.2047,16,3.4329,4.3169,Failed,2
7.8942,2378,0.4485,196,240.0237,0.9521,0.5665,37,3.0146,3.4551,Failed,2
9.478,3255,0.9794,2215,69.0077,0.3419,0.6495,35,2.0508,5.8423,Failed,2
10.4667,229,2.0459,461,40.5193,0.9858,0.3026,0,4.0119,5.6357,Failed,2
6.8727,3914,1.5157,1737,414.8614,0.8386,0.46,17,3.408,5.7967,Failed,2
9.4506,3316,1.3791,2460,488.3972,0.8086,0.2793,8,3.3113,5.3944,Failed,2
8.8063,3038,0.875,1582,202.3625,0.3179,0.3694,12,2.6403,5.8307,Failed,2
13.5273,4028,2.343,186,43.8249,0.0088,0.1595,39,3.5052,3.3033,Failed,2
0.7772,2140,1.1131,68,32.9059,0.3821,0.8856,44,5.4455,4.3082,Intact,0
4.2864,127,0.4003,2292,445.6591,0.3018,0.01,14,3.0421,5.2674,Failed,2
14.2611,2213,1.6193,2427,231.9071,0.0374,0.8824,42,4.099,5.0496,Failed,2
13.3649,1352,0.4618,2009,160.0137,0.5054,0.5717,43,4.7177,5.3654,Failed,2
6.8893,4456,0.994,2272,238.2306,0.403,0.3317,45,4.6221,3.397,Failed,2
9.34,2146,1.367,1051,159.152,0.6346,0.7231,3,3.1507,2.8937,Failed,2
4.233,4655,2.2107,498,244.5179,0.6212,0.5078,32,4.138,6.1672,Failed,2
2.903,4123,1.3352,1998,429.7782,0.1207,0.4991,23,5.0494,4.7407,Damaged,1
7.0091,4496,1.8152,995,296.1507,0.977,0.1101,35,2.0541,3.1153,Failed,2
5.3649,3474,2.4835,1427,347.3269,0.1869,0.3895,40,3.5251,5.6737,Failed,2
8.7965,3566,0.5024,1572,182.3353,0.4453,0.2411,9,2.785,6.1597,Failed,2
1.2582,3181,0.8319,190,369.2529,0.4881,0.0157,35,3.3602,3.1783,Damaged,1
14.6185,3878,1.1075,1970,333.3085,0.8131,0.3601,19,3.456,5.7696,Failed,2
14.7945,729,1.1702,142,59.781,0.0992,0.0898,40,4.6133,6.2329,Failed,2
10.5026,369,1.1453,288,286.3214,0.4286,0.2568,44,2.3284,6.2534,Failed,2
8.0878,2739,2.2875,254,128.3717,0.6285,0.0925,43,3.794,6.1566,Failed,2
4.712,2093,1.8423,1506,402.0478,0.2152,0.1009,10,3.9747,4.6857,Failed,2
12.2255,2991,1.5982,294,212.9689,0.6275,0.199,11,3.7296,3.9248,Failed,2
10.3025,3532,0.9116,881,497.3421,0.9237,0.9998,17,4.5616,2.5291,Failed,2
2.523,1380,2.0947,344,46.2502,0.9975,0.0022,29,3.3433,2.7436,Damaged,1
13.6728,2460,2.3966,905,390.1739,0.0325,0.6387,43,5.3074,4.2154,Failed,2
12.3558,675,2.0888,2114,336.8509,0.2356,0.1412,36,3.6863,4.0973,Failed,2
14.252,1407,0.2036,120,383.7494,0.3103,0.9206,19,3.9992,3.2389,Failed,2
10.9132,3292,1.6637,1342,153.7649,0.3991,0.0936,24,4.8894,4.0819,Failed,2
9.2399,3278,0.3176,1398,246.0272,0.2423,0.9551,11,2.9633,3.1986,Failed,2
6.3318,2834,0.7925,354,398.2543,0.2035,0.6109,20,2.2632,5.8952,Failed,2
13.9977,2312,0.3369,1080,116.2707,0.9546,0.0013,24,4.4772,3.6928,Failed,2
13.0044,2452,1.5887,1387,113.0166,0.9185,0.894,10,3.6905,4.8943,Failed,2
0.7738,3668,1.7792,866,275.5255,0.047,0.5217,8,5.1378,4.5114,Intact,0
0.4929,1755,0.4633,1176,261.7818,0.3388,0.2627,24,5.4394,2.7075,Intact,0
5.7093,1679,1.0828,870,141.1312,0.4051,0.7673,34,3.3969,6.2689,Failed,2
12.1772,2303,1.2493,242,149.0378,0.239,0.9267,31,3.454,4.6089,Failed,2
14.8104,1490,1.0488,1826,138.9226,0.6289,0.4837,13,3.4279,3.8002,Failed,2
2.3412,1842,0.4784,578,385.756,0.6404,0.3156,0,3.1359,3.1325,Damaged,1
8.9525,2025,1.1636,2268,325.9504,0.8505,0.7889,16,4.7359,3.8541,Failed,2
5.7753,719,1.9277,300,416.2086,0.7409,0.6818,24,4.6565,2.582,Failed,2
14.5517,1374,0.3633,1838,487.7365,0.5426,0.8888,7,3.6753,3.9542,Failed,2
12.6476,1056,0.3844,2076,237.0821,0.6536,0.6925,4,2.1563,4.6259,Failed,2
12.5911,2039,1.016,1453,33.3469,0.274,0.2435,4,3.0835,5.9875,Failed,2
7.0835,4053,2.366,1217,24.0462,0.5931,0.9317,40,3.0231,5.2495,Failed,2
6.2808,2481,1.7377,2122,147.8325,0.4892,0.1048,34,4.8388,2.9463,Failed,2
4.1738,1068,1.7609,1146,466.2723,0.1333,0.2679,18,2.3065,3.091,Failed,2
0.94,1416,1.0324,1897,261.6065,0.2425,0.5202,22,4.8199,4.2125,Intact,0
12.9844,1143,1.5654,554,135.8933,0.2917,0.5657,8,4.3421,3.2828,Failed,2
12.2122,381,0.2233,1671,199.5834,0.9243,0.0153,29,4.5635,2.6114,Failed,2
14.9958,2944,1.663,2433,299.2976,0.2304,0.7806,15,3.5127,5.7201,Failed,2
14.9499,1158,2.3006,1437,326.4748,0.2892,0.3616,32,4.379,2.5781,Failed,2
8.3759,4393,1.6089,1272,76.9598,0.3694,0.4064,1,4.1316,5.8228,Failed,2
11.5579,2632,2.2095,767,488.5158,0.6637,0.8094,13,4.6914,3.0764,Failed,2
14.177,3928,1.8651,388,272.3861,0.1182,0.3793,45,3.5637,6.3987,Failed,2
12.7597,1108,0.4773,708,67.8442,0.9539,0.0472,0,3.6549,4.9155,Failed,2
3.7855,1329,2.2756,1011,446.8176,0.8656,0.1764,25,4.2525,5.4399,Failed,2
6.8131,1135,0.3528,478,37.3192,0.5772,0.9559,24,2.3783,2.9419,Failed,2
2.0245,4685,1.4281,948,453.8677,0.674,0.0704,15,3.5269,5.9484,Damaged,1
14.3154,375,0.5269,188,498.2828,0.0167,0.3549,14,5.4018,5.8568,Failed,2
9.132,2840,0.2269,591,350.2159,0.3389,0.5032,25,2.1314,5.112,Failed,2
3.5068,2389,1.1707,2154,385.2236,0.7957,0.4933,43,3.106,4.5091,Failed,2
10.1083,1339,0.8786,1305,168.6514,0.0775,0.004,15,3.0994,5.386,Failed,2
9.3101,225,1.3178,433,470.7884,0.2823,0.5012,13,4.2171,2.5237,Failed,2
5.4366,4165,1.5276,243,264.857,0.5853,0.3838,28,2.3703,4.8698,Failed,2
1.792,4412,0.3006,2282,366.1942,0.2564,0.9721,23,4.1999,5.8896,Damaged,1
10.1064,3968,0.4829,1945,462.0539,0.934,0.1592,14,2.3326,3.9276,Failed,2
7.8526,1308,1.4849,2389,487.59,0.1311,0.3542,18,2.3323,2.9332,Failed,2
11.6075,3349,0.9893,781,416.6022,0.7974,0.4195,7,4.5486,4.1835,Failed,2
7.8504,1018,1.8771,2213,151.5088,0.5079,0.3907,33,3.1345,5.4084,Failed,2
12.7975,4023,1.7003,734,483.2738,0.7503,0.6658,1,5.421,2.9292,Failed,2
8.3234,4503,2.1449,131,314.0598,0.3107,0.2155,26,2.1307,3.3242,Failed,2
8.458,2069,1.7927,2430,465.3212,0.5145,0.2211,9,3.5579,3.0902,Failed,2
13.1621,2893,1.1888,2432,338.0525,0.8568,0.7292,34,2.396,5.6878,Failed,2
6.1119,991,1.7478,581,153.6195,0.4669,0.5003,22,3.2298,2.7516,Failed,2
2.0968,4570,0.8334,2033,185.0123,0.3597,0.4152,7,5.4938,5.2463,Damaged,1
0.5289,2133,0.9045,270,275.2359,0.5362,0.1692,27,5.1109,3.9658,Intact,0
11.3515,1464,2.0147,684,395.0074,0.7174,0.1875,22,2.1691,5.5232,Failed,2
9.3426,228,1.2268,1819,158.9913,0.4436,0.0106,3,3.9714,6.3575,Failed,2
10.5908,1114,2.0363,2420,289.8656,0.9389,0.0914,13,4.2674,2.9582,Failed,2
3.2732,1899,2.0916,1924,172.8125,0.2949,0.5568,41,2.7334,3.7575,Failed,2
2.1319,4712,2.1724,52,407.8847,0.4755,0.8919,28,2.5079,5.7405,Damaged,1
0.3167,1618,2.3083,1767,233.364,0.7569,0.2872,0,5.1653,3.5646,Intact,0
5.3238,4281,1.1913,255,38.3614,0.6891,0.3277,3,5.3909,3.3605,Failed,2
8.8898,1298,0.9334,1905,83.0263,0.8636,0.1156,31,5.4716,5.8015,Failed,2
5.9444,3973,1.5391,89,30.5523,0.9968,0.3886,32,4.7642,6.4483,Failed,2
6.6184,2574,1.0537,2156,249.6515,0.4269,0.0372,25,4.3223,4.7275,Failed,2
13.572,3585,1.5825,693,53.1686,0.1112,0.9176,16,3.2101,3.6122,Failed,2
5.289,4149,1.8228,1580,57.07,0.0304,0.6731,38,2.5999,4.0943,Damaged,1
7.7584,3819,1.7833,1957,470.5241,0.7269,0.9907,22,2.2764,3.1805,Failed,2
11.7764,402,1.0615,2193,436.3275,0.874,0.8828,31,4.4265,5.5475,Failed,2
6.0085,4052,0.5838,947,226.0433,0.2207,0.473,14,4.7465,5.5939,Failed,2
9.3691,4783,1.1902,1135,492.9027,0.1584,0.5197,12,4.8926,6.0005,Failed,2
12.9492,1086,0.528,1329,0.0933,0.0622,0.1906,1,5.1982,2.6064,Failed,2
14.2479,1963,2.2472,2445,306.9897,0.8227,0.462,18,5.0798,4.7479,Failed,2
2.2914,4540,0.9955,720,308.2141,0.3114,0.903,23,5.4991,3.357,Damaged,1
13.9062,3172,0.5553,1555,228.7215,0.4017,0.0509,44,2.8542,3.8635,Failed,2
7.4325,3224,0.2585,2414,198.474,0.5028,0.8636,23,4.6716,5.6398,Failed,2
3.9478,1427,1.6854,768,227.6916,0.8395,0.3409,10,4.0526,3.2681,Failed,2
6.9411,2508,1.6649,1121,207.4802,0.6508,0.8995,21,2.9144,5.0534,Failed,2
14.7025,3773,0.9834,2005,365.2462,0.6151,0.9409,14,5.4367,5.1183,Failed,2
7.44,3391,0.3649,1209,67.6777,0.1757,0.6709,9,5.1426,6.3164,Failed,2
4.9984,4133,1.1421,299,98.8196,0.5132,0.6644,40,2.4498,5.6006,Failed,2
9.5377,803,0.9158,2411,90.2591,0.7154,0.4528,26,2.0916,5.7145,Failed,2
3.6782,674,1.7574,1942,131.2353,0.9733,0.8355,8,4.4092,4.6264,Failed,2
1.2304,3332,1.5933,1903,262.6292,0.2014,0.9616,27,4.1145,3.2471,Intact,0
2.0203,4883,1.0386,1553,55.6044,0.0095,0.7751,0,5.2754,4.2023,Damaged,1
2.0079,2732,0.7012,1284,434.0846,0.0753,0.6219,16,2.819,4.698,Damaged,1
2.3634,3928,2.4725,93,148.6808,0.3759,0.6068,30,2.2954,5.2137,Damaged,1
2.1685,3330,1.2442,632,81.269,0.8205,0.8495,43,2.9073,4.9308,Damaged,1
9.649,588,1.783,1338,337.8107,0.0071,0.5412,9,2.0662,4.0759,Failed,2
2.81,1447,0.5233,269,19.0432,0.4567,0.8039,36,2.1256,3.5613,Damaged,1
5.2504,3781,1.3169,1975,309.9843,0.3292,0.5089,28,5.202,3.1729,Failed,2
13.4621,3273,0.2633,2498,349.0992,0.0525,0.0624,17,3.2321,5.2754,Failed,2
7.162,4689,1.3625,1040,107.4583,0.4502,0.3839,37,3.4378,5.0816,Failed,2
10.0466,1767,2.4172,1862,20.982,0.2547,0.4444,38,2.0643,5.2495,Failed,2
2.6676,1737,1.0837,907,181.8227,0.3519,0.1416,5,2.9468,3.9901,Damaged,1
2.9651,4214,0.2897,853,49.2971,0.7056,0.1025,39,4.8165,3.5496,Damaged,1
0.7089,3653,0.2712,539,58.2389,0.5216,0.5355,11,4.1542,5.5389,Intact,0
2.6171,1100,1.0924,1830,127.1306,0.1246,0.0851,13,4.6382,5.5946,Damaged,1
4.251,950,0.5681,1543,147.734,0.9614,0.3029,43,3.5652,4.3225,Failed,2
2.7375,1488,0.2537,1755,264.9852,0.6359,0.7446,9,3.0841,4.9476,Damaged,1
1.4217,3812,1.9393,2364,339.1959,0.7659,0.9644,19,3.6898,3.9941,Damaged,1
1.8975,1467,1.2546,103,296.3855,0.0792,0.7179,14,3.1307,5.3078,Damaged,1
6.9656,921,0.8653,665,74.1802,0.0471,0.9926,30,4.9364,5.8429,Failed,2
3.1744,554,2.2702,1132,86.043,0.0194,0.6983,6,3.0419,5.2529,Failed,2
5.5276,1724,0.4671,1898,439.3846,0.1888,0.2938,40,4.3092,4.5503,Failed,2
7.6009,2872,2.3986,1004,279.1762,0.4144,0.6721,9,2.4794,4.3346,Failed,2
10.3869,3826,0.9221,2483,434.9689,0.9358,0.7022,9,4.404,5.0693,Failed,2
0.6858,3247,2.2433,1679,185.7733,0.4571,0.3717,38,5.1965,5.2192,Intact,0
12.0112,4189,1.5868,699,307.2,0.2903,0.0177,27,4.13,4.7349,Failed,2
9.4557,4906,2.1014,2397,261.8317,0.5619,0.7032,29,3.9595,4.9998,Failed,2
1.3182,2290,2.4632,444,159.5617,0.1119,0.0217,36,5.3639,2.8864,Intact,0
13.1163,1016,0.8633,1409,234.9577,0.6095,0.6312,2,4.1959,6.3071,Failed,2
13.821,4086,2.4106,2493,251.2454,0.5684,0.1636,42,2.9084,5.6631,Failed,2
1.0101,2975,1.0958,420,100.3855,0.792,0.5656,14,3.0234,3.9957,Intact,0
4.2255,1540,1.0867,907,157.5052,0.9867,0.5039,20,4.4686,4.7513,Failed,2
12.1124,4500,0.9829,840,395.7049,0.2509,0.0135,36,4.574,2.6893,Failed,2
11.2491,835,1.4452,707,457.8941,0.5097,0.3629,11,3.0622,2.6649,Failed,2
2.8494,3668,0.5545,1442,179.897,0.9089,0.6011,3,3.2087,3.5032,Damaged,1
3.2193,3438,1.4735,433,153.4861,0.7852,0.8486,8,5.4687,5.2588,Damaged,1
5.62,3115,1.4459,2159,97.5986,0.4874,0.8886,38,2.3568,5.9086,Failed,2
7.3194,2989,1.9524,288,339.2456,0.9454,0.4838,41,3.4163,4.7367,Failed,2
9.312,1061,2.1174,244,161.5499,0.0572,0.7284,27,2.2186,4.6285,Failed,2
5.5968,3089,1.213,2158,493.8748,0.931,0.3165,22,4.8738,4.1092,Failed,2
6.9918,3948,0.8954,1202,162.8424,0.0505,0.3422,44,2.3232,3.1464,Failed,2
11.2373,1126,0.7965,2065,197.068,0.5473,0.1945,39,4.359,2.9734,Failed,2
0.6466,3965,0.6476,205,301.6671,0.8904,0.5619,43,2.1977,5.5427,Intact,0
3.8613,2963,0.3326,972,400.8421,0.2627,0.3146,21,4.355,6.21,Failed,2
10.7289,2601,0.9876,1659,234.7593,0.4722,0.0844,23,4.9506,4.3331,Failed,2
13.4386,2047,0.8216,1024,211.328,0.3243,0.685,25,3.3959,5.1378,Failed,2
7.724,1277,2.4228,1280,497.8189,0.9521,0.7078,29,3.8274,6.1578,Failed,2
8.0285,4860,1.4827,2485,5.2468,0.8236,0.36,32,3.4054,2.8605,Failed,2
1.6969,111,0.9987,1864,447.5326,0.709,0.0767,15,3.0517,5.5819,Damaged,1
6.7664,4499,1.5351,887,74.5704,0.5876,0.4263,21,4.8114,4.9673,Failed,2
8.036,3464,0.5202,2057,392.9626,0.8206,0.4423,42,2.952,4.8945,Failed,2
3.7128,3122,1.2213,1413,308.9658,0.3923,0.6687,17,4.5303,3.6702,Failed,2
4.1117,3471,1.6403,2437,170.9236,0.4476,0.3154,6,2.7217,5.2356,Failed,2
5.7215,2930,1.3245,253,436.9375,0.73,0.6826,25,2.8745,5.6792,Failed,2
0.3991,142,1.1241,210,6.4536,0.3578,0.8715,7,3.1776,2.9514,Intact,0
4.899,1043,2.4859,441,113.3453,0.0639,0.2375,5,4.062,4.6341,Failed,2
3.2506,2490,2.2247,818,283.4464,0.0743,0.9789,29,3.5905,2.9051,Damaged,1
4.9797,2645,1.6338,1143,175.7711,0.1154,0.3864,38,4.608,5.9903,Failed,2
1.8845,2511,1.5096,454,305.1887,0.8697,0.2673,22,2.7475,4.5305,Damaged,1
13.3689,1104,1.6275,657,12.0551,0.4722,0.4215,31,2.0374,5.7319,Failed,2
8.9445,120,0.663,1664,58.2295,0.7129,0.0944,21,4.718,3.9723,Failed,2
10.2186,506,1.1088,1590,63.5481,0.3929,0.1257,41,4.8758,3.0003,Failed,2
11.8587,1114,0.2908,1887,94.6418,0.2587,0.4144,42,2.2082,2.666,Failed,2
7.5268,4531,1.2938,739,229.6657,0.3472,0.7624,44,4.1382,3.626,Failed,2
1.3951,1938,1.449,1290,376.0643,0.7942,0.9003,8,3.3237,3.4769,Damaged,1
8.1029,3288,0.7238,2153,452.7694,0.6252,0.6648,30,4.7786,4.7414,Failed,2
8.8439,814,2.4173,415,417.6863,0.9376,0.1052,6,5.0605,2.587,Failed,2
11.207,4246,2.2917,1772,98.4439,0.6797,0.672,8,4.9785,4.5823,Failed,2
6.5317,3954,1.8609,504,220.5753,0.5702,0.6354,12,4.7202,4.0671,Failed,2
2.0009,4519,1.4268,153,99.7058,0.6102,0.8058,2,2.9417,4.8085,Damaged,1
4.3283,4984,2.2009,126,132.2359,0.9424,0.8252,34,4.8416,5.3097,Failed,2
5.5099,240,0.5005,279,251.7735,0.7882,0.8682,32,3.8672,5.0364,Failed,2
9.7242,4665,2.0182,1987,34.0545,0.024,0.4141,20,2.1846,6.4386,Failed,2
8.6046,4982,0.4871,2428,109.0872,0.5341,0.6979,30,3.5993,3.0531,Failed,2
5.4058,1063,2.0267,1255,467.6891,0.6883,0.2683,33,5.2976,4.2189,Failed,2
14.7991,472,0.8343,942,233.0581,0.7487,0.9993,31,5.1075,4.1993,Failed,2
9.126,3735,2.2173,1623,222.6933,0.2131,0.1753,34,2.3579,4.1682,Failed,2
3.6347,2641,2.3713,2124,7.2836,0.8672,0.0101,14,4.6044,5.1552,Damaged,1
1.6166,3710,0.5422,1725,123.6999,0.9558,0.1488,31,4.8203,4.4593,Damaged,1
2.3776,1792,1.2642,348,433.1462,0.2367,0.7759,5,2.9499,4.5697,Damaged,1
3.7648,205,2.4563,1006,82.3142,0.8826,0.4468,44,3.6506,4.2294,Failed,2
2.4942,1781,1.3118,1164,207.5625,0.097,0.4475,20,4.4885,6.4668,Damaged,1
2.8798,4197,2.1862,1524,7.1655,0.0557,0.955,32,3.5366,6.2102,Damaged,1
4.3479,4116,1.5541,414,239.1677,0.1292,0.9196,31,2.3948,3.7309,Failed,2
2.6833,2736,1.0633,1748,10.5106,0.0577,0.3112,18,4.4706,2.9464,Damaged,1
13.4618,2237,0.8573,400,409.8048,0.845,0.2091,32,5.1907,5.8591,Failed,2
1.2955,3516,0.6674,2350,412.4269,0.0591,0.8485,27,4.2837,6.4887,Damaged,1
7.9152,4545,1.9521,1954,393.8711,0.2717,0.906,30,4.7083,3.6704,Failed,2
6.2149,3630,1.089,1061,141.682,0.1038,0.5416,20,3.2543,3.9311,Failed,2
14.7374,1386,1.3759,548,418.6186,0.2954,0.6294,33,2.6412,6.2665,Failed,2
1.7694,3279,1.3323,999,271.4991,0.0906,0.2569,14,4.2497,5.3445,Damaged,1
6.028,3754,1.5277,2044,186.9041,0.668,0.8008,13,3.1472,3.6826,Failed,2
14.5451,2459,2.1908,2096,312.665,0.1333,0.6321,18,5.0103,4.8242,Failed,2
12.9961,544,2.4557,557,6.1705,0.8518,0.5035,42,2.4292,6.2769,Failed,2
12.2744,135,1.1374,1377,71.4804,0.8172,0.0601,14,3.5171,5.7473,Failed,2
3.9428,1575,2.1033,215,371.1468,0.0137,0.9159,5,3.3885,5.4673,Failed,2
2.6462,4057,1.9584,969,122.0808,0.8957,0.6155,8,5.2832,5.448,Damaged,1
10.0628,1898,1.5191,163,299.0046,0.0289,0.1927,36,2.536,3.2121,Failed,2
13.9477,1945,2.3989,1041,192.5513,0.2396,0.6064,19,2.0345,5.7987,Failed,2
8.3958,1508,0.6611,2001,427.4029,0.0324,0.6775,33,2.8333,3.6045,Failed,2
8.617,1808,0.4513,2304,476.2077,0.3358,0.5258,37,4.871,6.2215,Failed,2
4.2717,3038,2.1641,1308,441.7824,0.5139,0.7181,25,2.7326,3.9586,Failed,2
11.5654,1400,1.21,564,135.31,0.7966,0.5815,17,2.8431,5.9306,Failed,2
2.887,1343,2.148,1281,97.0814,0.338,0.9478,27,2.4546,3.5649,Damaged,1
4.9228,4076,2.2541,758,237.2174,0.7055,0.0537,8,4.504,4.5581,Failed,2
6.439,3197,0.3437,2235,3.6671,0.1875,0.1062,31,2.2421,2.9275,Failed,2
7.6634,4716,2.232,388,12.9047,0.7506,0.1737,5,3.1592,5.1405,Failed,2
3.7119,109,1.2311,117,276.6453,0.236,0.6902,13,2.9887,5.8443,Failed,2
1.8111,2525,1.374,1646,260.2247,0.1435,0.6456,27,3.9431,5.3738,Damaged,1
9.1982,1760,1.6412,1614,497.291,0.1854,0.8921,23,4.5565,4.593,Failed,2
4.4006,2731,2.3307,432,100.9209,0.1821,0.7329,12,3.8651,2.6805,Damaged,1
8.7604,4915,0.244,68,129.052,0.5129,0.5084,42,5.2586,6.2338,Failed,2
2.4,1172,1.2967,2171,56.7703,0.8448,0.9918,11,5.33,5.322,Damaged,1
7.269,3325,1.7818,622,458.7715,0.0796,0.2661,18,3.2651,5.4835,Failed,2
8.0356,1416,1.8622,1349,388.9056,0.707,0.8332,20,4.7219,5.6787,Failed,2
0.8722,4245,1.7928,2308,411.1696,0.6543,0.4268,26,4.5858,5.491,Damaged,1
5.1154,3783,0.5092,1993,451.3819,0.8725,0.6487,18,5.1254,4.2645,Failed,2
2.1028,3373,0.8886,700,262.45,0.2441,0.7273,23,3.5678,5.4345,Damaged,1
1.0443,245,1.025,1695,225.5966,0.4501,0.6338,25,3.8567,5.0001,Intact,0
14.8504,3140,2.0502,1043,165.1957,0.9258,0.1405,44,3.4552,5.9161,Failed,2
4.9031,1562,0.8411,1388,294.6073,0.66,0.443,27,4.9763,5.7098,Failed,2
12.1671,4776,0.6846,950,227.1392,0.3888,0.5614,45,2.804,2.6655,Failed,2
3.8941,1684,2.4021,1734,225.7828,0.1314,0.849,17,2.839,4.0155,Failed,2
10.2544,582,0.2204,1635,468.4639,0.2625,0.4436,43,3.3041,2.6389,Failed,2
11.4274,3279,2.495,1973,492.0158,0.5812,0.9187,35,2.8062,2.9083,Failed,2
8.975,1349,1.7567,1831,398.2422,0.7182,0.4404,41,3.9635,4.9056,Failed,2
7.1265,4868,2.1055,1186,378.379,0.1244,0.5488,28,2.4707,5.9953,Failed,2
6.2364,730,0.8776,2267,340.2791,0.5996,0.7963,16,3.1207,2.9793,Failed,2
5.2981,761,0.2329,1994,83.0374,0.5504,0.5831,3,5.1971,4.3044,Failed,2
13.95,3603,1.8971,1087,29.5529,0.514,0.9602,43,3.4323,6.1435,Failed,2
12.4762,2952,2.1185,1788,345.3632,0.6901,0.6603,44,4.6188,5.7572,Failed,2
14.4789,2566,1.9031,337,364.3931,0.8374,0.5227,28,2.3971,4.5787,Failed,2
1.952,1087,0.5286,2286,23.4865,0.323,0.0236,3,2.8665,5.5863,Damaged,1
10.9899,1646,1.9329,1640,464.0259,0.889,0.4137,9,4.8257,4.5908,Failed,2
14.0813,749,1.9685,1795,45.5703,0.1606,0.2992,24,4.6705,3.1324,Failed,2
2.8004,1068,1.7146,1148,142.9503,0.173,0.7481,30,3.3515,2.9989,Damaged,1
1.0908,2737,1.9621,2374,336.1949,0.2668,0.2083,2,5.3404,3.2535,Intact,0
11.1427,1200,2.1456,989,84.9363,0.1195,0.2052,1,5.1873,3.9037,Failed,2
8.6596,540,1.6113,1498,27.7079,0.2303,0.1895,24,5.3681,6.2221,Failed,2
12.6432,869,0.4038,620,165.5732,0.1064,0.1256,5,3.4977,5.6987,Failed,2
2.1826,1443,1.3215,1050,382.9858,0.8218,0.311,25,2.6912,4.2312,Damaged,1
11.9495,4458,0.3786,1255,206.8393,0.139,0.8859,7,4.1933,4.4723,Failed,2
3.1042,3829,1.1373,967,326.4865,0.7473,0.7749,34,4.3967,3.5624,Failed,2
2.5385,4006,1.1363,1924,289.8095,0.0479,0.7353,26,2.439,5.3174,Damaged,1
2.5476,1677,0.3518,882,11.1092,0.9485,0.7973,24,4.7527,5.7111,Damaged,1
12.2372,4108,1.0023,2290,494.27,0.7112,0.2694,17,2.0632,3.4556,Failed,2
10.0114,3451,0.4553,1728,20.714,0.0068,0.8874,0,3.6895,2.6673,Failed,2
7.8937,4895,2.0589,665,483.9014,0.7639,0.1373,38,3.1586,4.9956,Failed,2
5.4466,2449,2.3797,455,274.9321,0.5141,0.3363,2,4.5911,4.75,Failed,2
13.1703,3702,0.3663,1799,481.5795,0.7794,0.5867,3,3.0947,4.1085,Failed,2
5.9474,1341,2.3968,142,57.3768,0.5225,0.1029,40,4.8938,5.0756,Failed,2
12.2673,1225,1.4019,703,245.2043,0.641,0.7301,36,4.0823,4.7025,Failed,2
6.6431,2701,0.889,483,84.752,0.7863,0.3872,14,4.7786,3.5023,Failed,2
5.7165,1290,0.3768,1185,25.4874,0.4051,0.7844,7,5.4627,4.0909,Failed,2
6.9939,4231,1.3514,424,308.7646,0.0027,0.4929,37,4.3771,4.2125,Failed,2
4.5905,4939,2.0274,1116,103.8917,0.8499,0.1809,18,5.4473,6.021,Failed,2
11.2394,4548,1.8263,256,293.8485,0.3809,0.7348,25,2.1009,6.3436,Failed,2
7.5905,172,0.3155,829,56.1822,0.496,0.2521,38,3.1835,6.072,Failed,2
3.56,2014,0.3677,1369,165.9932,0.0078,0.4908,9,2.3775,5.3767,Damaged,1
13.5037,2572,1.1266,1191,390.8163,0.4921,0.0755,37,2.9181,4.84,Failed,2
5.82,3146,0.8792,581,218.5258,0.9865,0.6179,13,4.9361,5.257,Failed,2
8.1989,807,0.7345,2263,313.8727,0.2783,0.6659,40,2.1131,6.2564,Failed,2
13.6064,1904,0.8463,139,323.729,0.3954,0.3787,18,3.8206,3.5,Failed,2
9.4011,3813,2.048,1167,421.8775,0.6872,0.9544,29,3.985,4.6405,Failed,2
1.8418,2664,2.3372,62,162.4614,0.8148,0.8742,4,3.964,5.2584,Damaged,1
14.1035,2575,1.1317,1907,343.6478,0.4174,0.7079,30,3.6635,5.217,Failed,2
9.4528,3710,2.2841,854,480.8079,0.3097,0.7137,6,4.7671,3.5091,Failed,2
5.0901,4355,0.9394,994,365.1217,0.9378,0.2524,18,2.4674,4.8469,Failed,2
2.1752,2923,1.2958,1907,244.9352,0.6771,0.6568,30,3.087,5.6837,Damaged,1
11.931,1835,0.7199,1660,315.3587,0.119,0.1982,38,4.155,4.4003,Failed,2
9.3391,1685,1.6731,2009,369.8414,0.0689,0.144,23,4.4183,5.6732,Failed,2
8.0486,166,2.4517,1102,306.1379,0.4835,0.9995,33,3.4145,3.9395,Failed,2
13.419,3161,1.588,345,8.3379,0.2201,0.6224,22,5.0638,6.255,Failed,2
11.8501,2528,1.023,975,97.3867,0.254,0.431,44,3.4542,4.6357,Failed,2
2.36,4253,1.69,689,405.2341,0.8777,0.2882,39,3.4097,4.8838,Failed,2
4.7447,441,0.4827,2437,136.3253,0.0896,0.6039,5,2.1267,2.6254,Failed,2
3.8025,2874,2.2439,677,365.7811,0.7154,0.0496,37,3.929,3.1811,Failed,2
11.1848,2917,1.3571,1217,186.0601,0.2711,0.0947,40,4.4804,5.0317,Failed,2
0.5996,2761,1.2335,991,260.9422,0.7603,0.0329,35,2.4005,4.1795,Intact,0
8.5914,1332,1.5475,879,33.9866,0.7224,0.4992,26,3.069,4.5327,Failed,2
11.4606,3974,1.637,1820,90.6128,0.0074,0.6006,10,4.7344,2.7519,Failed,2
13.1638,2501,0.3651,1025,478.5985,0.5091,0.0625,4,3.2807,5.8365,Failed,2
5.197,1594,1.77,1004,445.069,0.1393,0.7212,16,2.8456,5.638,Failed,2
12.3367,4311,0.7564,1312,326.1376,0.8662,0.2304,6,4.3527,3.2414,Failed,2
1.7484,761,1.8421,1001,229.8223,0.8716,0.6852,26,2.6887,5.0373,Damaged,1
12.7121,3983,2.0918,993,337.8806,0.4183,0.9819,14,5.1348,5.7733,Failed,2
1.9996,3719,2.0491,2252,309.3051,0.4444,0.6911,45,2.3696,5.0634,Damaged,1
6.0196,1968,1.4708,1254,284.2761,0.3033,0.8832,12,4.4729,3.7416,Failed,2
11.9797,2434,1.3964,2185,29.5885,0.7166,0.9482,10,3.7484,5.1244,Failed,2
2.3338,3474,0.5286,1584,316.4013,0.3587,0.4868,44,5.0448,3.3418,Damaged,1
3.5158,1116,1.9833,1146,384.46,0.2678,0.7023,25,2.4417,3.773,Failed,2
10.8616,4506,0.8242,228,497.0408,0.4322,0.852,21,4.3726,3.4603,Failed,2
10.8285,307,1.3424,2309,5.5393,0.0915,0.3566,27,4.0022,4.7277,Failed,2
9.6531,2765,0.8538,1878,365.0867,0.7466,0.2614,23,3.6803,2.9329,Failed,2
10.4398,2593,0.5078,1307,285.8947,0.0126,0.9466,28,3.7199,6.2332,Failed,2
8.1866,732,1.648,514,217.0261,0.6445,0.7263,8,4.5269,3.834,Failed,2
3.8518,2202,0.325,1824,63.7851,0.1829,0.2197,41,5.2821,3.3759,Damaged,1
5.2509,3059,1.9219,1280,204.5426,0.2324,0.4491,3,2.3194,4.4862,Failed,2
2.8058,3183,0.9304,934,177.1886,0.6356,0.7965,45,2.0683,3.608,Damaged,1
13.6359,4852,0.2003,2463,151.4149,0.9929,0.5471,17,4.82,4.6396,Failed,2
8.7925,2031,1.3756,2373,365.4398,0.7777,0.65,42,2.3786,3.894,Failed,2
6.0727,3819,0.3078,2477,350.3628,0.2258,0.7538,15,5.4534,3.0283,Failed,2
6.9839,2662,0.8352,1382,294.51,0.176,0.622,32,4.1677,3.5636,Failed,2
14.2145,1779,1.826,1704,469.3324,0.8662,0.5401,28,4.278,4.2538,Failed,2
2.3849,336,0.3442,994,174.9272,0.4442,0.7496,38,2.6961,2.6212,Damaged,1
8.8348,4543,2.1305,974,121.901,0.1371,0.7276,9,2.8411,5.5826,Failed,2
7.6377,4825,0.2088,1988,327.9517,0.8622,0.6299,8,4.3077,4.9873,Failed,2
9.2107,1640,0.7677,543,99.407,0.8161,0.3598,30,5.184,4.9054,Failed,2
0.3698,4043,1.9041,1596,157.5053,0.9839,0.4058,27,5.4384,4.6842,Intact,0
13.0946,463,0.9274,2019,112.3012,0.9097,0.9704,2,2.6931,4.8613,Failed,2
13.9886,2468,0.4344,1144,34.5768,0.8518,0.1124,13,2.4694,6.2386,Failed,2
8.5205,385,1.0285,2461,413.7494,0.0526,0.2685,24,2.1974,2.5343,Failed,2
10.4801,248,0.8219,1875,127.2703,0.1044,0.4924,14,5.039,2.6912,Failed,2
13.8452,4137,2.1382,812,236.5138,0.569,0.8367,1,3.0315,3.266,Failed,2
10.6379,4651,0.9207,2373,21.6576,0.5315,0.1637,23,2.0063,3.1692,Failed,2
2.3728,1866,2.0145,99,349.6697,0.458,0.277,13,2.7834,3.2248,Damaged,1
8.6867,4995,2.2513,955,165.2805,0.3968,0.0658,6,3.1915,5.1878,Failed,2
9.1401,1112,1.1978,613,372.3684,0.4312,0.706,35,5.4685,4.3379,Failed,2
6.4195,2931,2.2929,832,206.2015,0.5693,0.2382,23,3.8324,6.4671,Failed,2
11.073,2607,1.0678,2090,97.8778,0.0021,0.3887,26,2.7165,3.4075,Failed,2
14.0221,1623,2.4174,1881,256.5875,0.2607,0.4437,36,3.1719,3.7433,Failed,2
13.891,2885,0.4054,633,65.2523,0.5183,0.8913,37,3.1561,6.437,Failed,2
6.8175,2656,1.7801,1369,220.2696,0.7222,0.4113,29,2.069,5.827,Failed,2
1.7872,3825,1.3358,285,158.6527,0.1742,0.1452,26,2.4731,4.3792,Damaged,1
14.7741,4676,1.0916,2153,455.9798,0.5469,0.5243,38,4.4332,4.7184,Failed,2
12.5996,1701,1.6552,1992,30.4644,0.7145,0.963,14,2.4209,5.8727,Failed,2
1.9575,2508,1.8189,409,347.0087,0.4446,0.6077,25,2.8076,4.4239,Damaged,1
13.8205,440,0.21,1980,91.3756,0.0271,0.9834,0,3.2276,3.3241,Failed,2
13.0615,2917,0.584,159,159.5225,0.4493,0.8411,3,4.6521,5.8138,Failed,2
7.8307,2596,1.84,241,207.757,0.2964,0.036,28,4.0384,4.6511,Failed,2
8.91,1825,1.7327,953,454.0075,0.9296,0.6584,0,4.4115,3.1122,Failed,2
6.0451,1789,2.4219,1166,121.2891,0.1246,0.2868,42,3.9845,4.5223,Failed,2
0.9159,3367,1.9504,911,45.6544,0.6525,0.5596,45,4.3926,4.1528,Intact,0
5.0944,4506,2.3868,1133,159.3448,0.0527,0.2793,21,2.0099,6.0074,Failed,2
12.0625,361,1.8158,699,52.338,0.4462,0.3489,10,5.2581,3.0042,Failed,2
0.169,1542,0.8855,88,64.2982,0.554,0.9232,9,2.3882,6.0008,Intact,0
5.0691,505,0.4423,686,286.9253,0.298,0.2066,16,3.4219,4.5488,Failed,2
6.0327,2290,1.9982,1086,30.451,0.4551,0.8741,35,4.6986,4.1175,Failed,2
8.1072,4537,1.6815,85,15.4654,0.1636,0.0305,25,3.5233,3.1479,Failed,2
13.8058,343,0.3108,2198,357.2071,0.3041,0.0909,20,5.3139,5.3033,Failed,2
5.2606,4685,1.0281,1411,180.8235,0.6211,0.8547,12,3.6366,6.2072,Failed,2
5.2696,4207,2.4006,2033,62.6877,0.3018,0.6306,8,5.0623,4.0015,Failed,2
11.0888,660,1.3509,215,126.8064,0.8997,0.7472,10,4.8379,3.4663,Failed,2
6.838,4237,1.1953,2480,321.0433,0.6284,0.2094,10,5.4335,4.7195,Failed,2
3.4466,2825,1.2527,1929,137.7683,0.4386,0.5371,5,5.2429,5.6847,Damaged,1
6.8413,693,0.6804,80,247.2606,0.0388,0.7372,0,5.1434,2.5151,Failed,2
2.1988,1926,1.048,60,60.8477,0.4995,0.6273,5,4.5606,5.0255,Damaged,1
2.7282,3329,1.0506,2061,294.0468,0.7648,0.4717,12,3.2845,4.8861,Damaged,1
7.5257,3387,0.3204,2193,158.0388,0.2656,0.9598,21,2.3714,3.7726,Failed,2
6.342,4173,1.9654,2289,313.4842,0.8068,0.6762,30,4.4103,4.3057,Failed,2
13.7312,233,1.158,535,404.1974,0.2518,0.9078,21,5.4253,3.4879,Failed,2
5.4997,3238,2.091,1339,305.8232,0.8237,0.7298,36,4.5431,5.6595,Failed,2
8.7508,4019,2.1558,1497,147.8738,0.0853,0.7355,26,5.2506,5.0381,Failed,2
9.5207,172,0.6876,2335,127.8719,0.8662,0.08,13,4.8151,4.6308,Failed,2
0.2951,4594,1.7119,1993,163.7105,0.4992,0.3595,4,2.5709,4.0701,Intact,0
9.9867,4325,1.2862,2013,82.3103,0.2965,0.8584,35,2.8722,3.6655,Failed,2
2.7527,3078,2.2244,1901,90.5859,0.2651,0.2326,31,3.1965,5.7909,Damaged,1
14.4199,4461,0.6962,1519,395.3456,0.432,0.1155,33,2.5889,4.3056,Failed,2
2.3151,2085,1.759,1416,192.3663,0.999,0.3261,6,4.0358,4.5058,Damaged,1
6.2779,892,1.5978,1040,217.9976,0.2203,0.2204,41,5.4141,4.5833,Failed,2
1.3717,4359,0.8792,874,297.0247,0.1032,0.9253,9,4.6651,4.2935,Damaged,1
14.9534,194,0.5142,1512,294.8267,0.585,0.868,16,3.4819,3.5244,Failed,2
7.5827,1233,1.6988,2203,33.6884,0.4885,0.4997,29,2.0158,2.9814,Failed,2
8.9712,337,1.8988,2278,415.7704,0.5242,0.0613,20,3.0965,2.8941,Failed,2
1.0994,3046,0.9259,2281,88.6633,0.6669,0.7146,12,3.8437,5.5299,Intact,0
11.2744,2630,1.6831,275,361.5358,0.2671,0.6234,0,3.1349,3.3941,Failed,2
3.2276,2060,1.1088,826,386.3355,0.9107,0.9706,0,2.3886,2.7227,Failed,2
13.481,1148,1.8404,1162,357.4498,0.4357,0.559,32,3.5497,5.6901,Failed,2
3.1566,2629,0.6582,737,289.4888,0.1291,0.3364,37,2.8864,3.1162,Damaged,1
2.9412,3064,2.2475,579,7.3045,0.7423,0.519,24,5.1823,5.0006,Damaged,1
0.6446,1063,0.861,1021,180.1877,0.6431,0.9793,25,2.3561,3.8546,Intact,0
7.1338,636,1.0459,985,302.4197,0.3157,0.6964,12,2.172,3.0059,Failed,2
8.5161,4323,0.3336,1472,193.7256,0.6215,0.672,27,2.0186,4.1579,Failed,2
1.0791,3779,0.4565,2203,431.7399,0.2199,0.2407,32,3.1482,2.5592,Damaged,1
11.6554,4287,1.3865,1344,154.4011,0.4448,0.7436,36,4.3114,5.8642,Failed,2
6.854,3824,0.8155,2048,146.7674,0.8994,0.7503,40,4.5564,4.554,Failed,2
7.9134,642,2.1216,1576,132.9988,0.1335,0.3173,29,3.5864,3.0566,Failed,2
6.6674,945,0.2338,728,166.3904,0.3867,0.4837,7,4.3952,3.4479,Failed,2
6.0714,3703,1.0719,2490,278.7025,0.8211,0.2946,0,3.2597,4.2919,Failed,2
8.4386,3136,0.9759,89,353.5076,0.9695,0.2587,11,4.3373,3.2555,Failed,2
2.4131,2594,0.2445,1155,331.284,0.4539,0.0259,4,2.1421,3.5744,Damaged,1
2.8107,4585,0.486,894,403.8589,0.507,0.2852,23,3.3676,4.6375,Damaged,1
12.9406,2819,1.1514,1793,442.957,0.5722,0.554,5,4.768,5.8304,Failed,2
14.1971,1984,1.3336,2298,408.0395,0.9323,0.0016,24,4.8105,4.1074,Failed,2
5.6623,4238,1.1299,496,9.4727,0.8582,0.2832,0,4.5065,5.3679,Failed,2
4.1341,4449,1.4212,1284,367.959,0.1706,0.8814,24,2.7148,6.0067,Failed,2
9.6956,3301,1.5688,1400,104.1998,0.4368,0.5936,0,2.8652,3.3652,Failed,2
6.1901,2810,0.2228,276,66.464,0.464,0.6079,31,5.4863,5.7288,Failed,2
0.4783,2053,1.2674,97,319.2444,0.7891,0.4034,41,2.3618,5.5296,Intact,0
2.4267,4837,2.416,1512,159.8716,0.6029,0.6765,41,2.6323,3.9277,Damaged,1
10.768,3950,1.3938,1880,28.5586,0.6542,0.1899,2,2.4551,6.4581,Failed,2
9.918,789,1.7583,236,68.8149,0.9982,0.8187,18,3.1468,3.5503,Failed,2
0.5037,2050,0.9173,2442,0.4647,0.075,0.1167,42,2.7356,3.5192,Intact,0
3.4074,556,1.9802,2321,451.6118,0.223,0.656,28,3.7419,5.589,Failed,2
3.543,2230,1.9777,1982,12.309,0.4079,0.3411,1,3.6661,4.2386,Damaged,1
10.1112,4076,1.399,898,104.7279,0.3478,0.7475,8,5.1553,3.8232,Failed,2
0.3937,4344,2.4448,2082,208.1314,0.0216,0.5498,16,2.1216,3.2147,Intact,0
1.6512,1279,0.4888,1302,178.2857,0.0918,0.4524,45,3.1196,5.5613,Damaged,1
12.0187,4385,0.239,1463,455.8629,0.681,0.1694,35,4.0883,5.6453,Failed,2
2.7603,3665,1.9714,1028,20.1445,0.8793,0.6368,16,4.1168,4.7663,Damaged,1
9.8259,982,2.0565,1662,256.1074,0.5142,0.9748,11,3.6804,6.3293,Failed,2
3.6489,499,0.4765,1066,340.2397,0.5392,0.8256,19,4.8548,3.7727,Failed,2
1.5817,708,0.8108,2285,465.849,0.2551,0.06,2,2.2195,3.3785,Damaged,1
3.7233,1738,0.2404,1931,310.1856,0.7679,0.3762,42,4.8542,5.2099,Failed,2
10.8618,2248,0.8746,319,401.8776,0.7518,0.9256,3,3.7316,5.5336,Failed,2
12.8499,1482,1.9782,1680,41.8625,0.5884,0.503,16,2.4682,3.3996,Failed,2
12.4703,1503,1.3913,359,192.9698,0.2127,0.6621,36,5.1,2.8064,Failed,2
6.018,919,1.0006,2093,186.9736,0.097,0.9126,45,4.2723,5.7421,Failed,2
10.0545,3392,1.055,1624,443.1441,0.0642,0.8738,41,2.5724,6.406,Failed,2
3.1543,919,0.2031,1145,75.6856,0.5927,0.5018,14,2.1178,5.0787,Failed,2
4.4679,519,0.8895,1745,75.9431,0.825,0.4376,32,2.4939,3.6115,Failed,2
13.4554,4319,1.6869,1495,164.2791,0.8583,0.3397,15,4.1308,6.4867,Failed,2
0.2937,4617,2.4406,2217,27.233,0.4636,0.719,10,2.6275,6.0731,Intact,0
1.3741,3402,2.1482,269,91.229,0.7843,0.287,19,2.7902,4.5535,Damaged,1
3.1975,1608,0.2543,102,482.6048,0.9469,0.2499,37,2.088,5.8013,Failed,2
0.4953,867,2.2667,1807,214.092,0.2752,0.3562,23,4.5303,5.7633,Intact,0
2.8034,2144,2.0014,1524,316.0096,0.398,0.1772,15,4.8363,6.2392,Damaged,1
8.7873,2239,1.9949,1716,363.0556,0.9315,0.6951,29,4.789,5.8637,Failed,2
6.3792,3129,1.2534,1310,183.4807,0.3382,0.6162,33,2.4465,5.0747,Failed,2
13.4008,1649,1.1154,769,73.6135,0.9139,0.4829,0,5.1616,4.9372,Failed,2
12.2799,1864,0.8967,455,103.2905,0.981,0.3903,23,4.353,4.3694,Failed,2
5.1931,2745,0.3511,2344,156.6332,0.6618,0.9091,23,5.1414,5.0059,Failed,2
3.9654,3816,0.7249,121,318.0342,0.8169,0.0291,8,3.5651,5.6809,Failed,2
5.7574,4705,0.7672,1903,199.1403,0.7495,0.7691,21,3.5293,6.3762,Failed,2
8.8954,4581,1.3134,2282,3.4073,0.6995,0.9019,11,4.7459,4.3691,Failed,2
4.0941,2393,1.9191,2103,261.7036,0.3069,0.4464,16,2.3265,4.7946,Failed,2
9.3998,4937,1.2898,1279,460.7567,0.0571,0.5507,24,3.8231,4.2792,Failed,2
6.2002,2808,0.333,1617,406.0388,0.3431,0.9445,27,4.9273,5.174,Failed,2
8.3255,1000,2.4029,436,412.6057,0.6669,0.2123,14,4.9057,5.0197,Failed,2
6.5983,3184,2.3683,1841,397.529,0.1025,0.5201,29,5.3465,2.5713,Failed,2
4.4875,2109,2.0059,748,161.8654,0.0119,0.4747,26,4.444,4.6646,Damaged,1
14.232,341,2.4801,1250,382.5969,0.1397,0.2584,21,2.7272,2.8539,Failed,2
11.4777,2485,1.4523,876,71.5807,0.7157,0.8186,9,2.071,2.6055,Failed,2
2.1877,4368,2.4144,1872,328.8581,0.9728,0.8996,30,3.678,5.6648,Damaged,1
13.0402,771,0.3739,398,320.7843,0.9831,0.7819,26,3.798,3.5346,Failed,2
7.3627,263,1.0411,1328,12.7849,0.494,0.1954,11,2.8409,3.8626,Failed,2
13.4288,564,0.7184,357,393.9851,0.8694,0.0867,45,2.4364,2.7563,Failed,2
12.0178,3142,0.6504,1200,451.6241,0.7368,0.6054,30,4.0517,3.218,Failed,2
6.4357,4692,0.5238,2010,133.7076,0.501,0.0571,31,4.6749,5.5624,Failed,2
0.4348,4895,1.6316,2384,406.1954,0.5728,0.6728,31,5.476,4.4741,Intact,0
4.1033,2542,1.997,815,41.203,0.1372,0.5304,40,4.6541,6.0227,Damaged,1
8.1703,4898,1.5301,774,299.9839,0.9377,0.6628,44,4.7777,4.089,Failed,2
9.5388,2455,0.538,1669,242.8234,0.3519,0.5902,34,4.1576,3.5748,Failed,2
3.9425,4378,2.0656,432,272.9618,0.4461,0.4227,45,5.4507,3.8904,Failed,2
2.1764,4824,1.6627,2485,463.1026,0.6717,0.2009,20,4.2398,5.3511,Damaged,1
12.5405,2657,1.0928,574,435.6576,0.3339,0.3057,9,5.0109,4.72,Failed,2
14.7676,645,1.7505,325,392.5418,0.2543,0.5245,15,5.3102,6.1168,Failed,2
7.9328,4819,0.7978,386,136.8492,0.631,0.6519,6,5.2545,4.9087,Failed,2
2.658,3935,0.9939,2023,455.9093,0.025,0.7795,3,3.335,4.4721,Damaged,1
4.1574,693,2.3102,530,48.7538,0.7207,0.7672,26,2.2753,5.643,Failed,2
0.374,4939,0.8682,960,426.6646,0.514,0.9727,24,2.6016,6.2901,Intact,0
13.7231,3904,1.281,2046,164.08,0.6058,0.2858,30,2.2073,3.9234,Failed,2
1.8545,1559,2.2473,1401,26.8862,0.6319,0.0711,10,2.3689,3.4995,Damaged,1
8.6901,3593,1.8278,2083,334.6785,0.5271,0.3457,19,2.6463,4.9649,Failed,2
4.1834,2701,0.3431,1804,115.64,0.5825,0.7433,35,3.1938,4.4955,Failed,2
8.3573,2544,0.5388,158,121.7856,0.6838,0.4381,16,3.9024,6.4567,Failed,2
9.8062,2772,0.218,377,153.0236,0.7531,0.8178,44,4.4909,4.3494,Failed,2
12.4632,4300,1.6511,1849,31.8424,0.7275,0.5493,10,2.7382,2.7973,Failed,2
3.1757,116,1.2296,364,88.5636,0.8696,0.9298,29,4.3538,6.4095,Failed,2
0.2638,3291,0.5088,1184,2.5698,0.1894,0.9479,34,4.4649,5.8743,Intact,0
2.1396,492,2.4032,830,222.7048,0.4011,0.0693,40,3.9552,3.213,Damaged,1
13.5103,524,1.4182,1570,42.1277,0.9478,0.4564,37,5.1627,6.1184,Failed,2
13.121,671,0.7564,205,341.3263,0.3966,0.6097,21,2.3885,3.8627,Failed,2
9.0015,3731,1.3514,1546,117.8114,0.1249,0.2559,42,2.6199,4.0084,Failed,2
9.0477,1220,1.7631,1774,471.7871,0.5254,0.4071,26,3.5003,6.1256,Failed,2
10.009,341,0.3754,936,435.6258,0.1095,0.6777,36,2.4435,4.6205,Failed,2
2.713,3997,0.8318,771,144.7204,0.2029,0.2267,45,3.982,3.0511,Damaged,1
13.7247,4195,2.056,962,391.6077,0.9983,0.602,34,3.3944,3.9762,Failed,2
6.3397,2379,1.2572,920,401.6225,0.5414,0.6974,3,2.9961,5.3884,Failed,2
5.8088,888,1.4571,62,493.2816,0.2841,0.0905,15,2.595,3.1967,Failed,2
7.8319,814,1.1955,547,298.92,0.9948,0.4975,15,3.1737,4.8609,Failed,2
0.7998,4954,0.301,1806,40.9829,0.9666,0.2631,20,4.1279,5.2811,Intact,0
2.5776,2949,0.5812,2335,323.4186,0.4407,0.7244,25,4.0152,3.8754,Damaged,1
11.0967,875,1.2247,1167,312.4899,0.2604,0.1896,35,2.5727,5.2755,Failed,2
1.3337,4126,0.6811,1244,319.1753,0.8384,0.8922,18,2.4372,6.0368,Damaged,1
9.087,2347,0.315,2054,153.5728,0.7156,0.4309,16,2.0934,4.3885,Failed,2
3.7557,178,2.1404,1697,429.8398,0.6869,0.198,44,2.0435,4.0316,Failed,2
5.9005,4026,2.4567,1640,479.7361,0.8931,0.438,25,5.0793,3.5046,Failed,2
4.4015,955,2.0242,1540,108.8563,0.6894,0.4087,21,2.1578,4.9168,Failed,2
5.3995,2248,2.1637,192,44.0761,0.2838,0.4289,27,4.5593,6.0194,Failed,2
10.8138,1131,0.7565,1274,97.2675,0.6939,0.5856,0,5.0519,3.7986,Failed,2
4.5271,3371,2.4094,614,410.2761,0.3058,0.5212,43,2.3432,4.0849,Failed,2
8.5394,3676,0.6529,2481,338.3223,0.7592,0.1498,35,3.5271,4.1265,Failed,2
7.1932,4282,2.3883,1765,318.0237,0.6197,0.0656,42,5.3681,4.7432,Failed,2
9.9887,3556,2.4881,466,200.8966,0.0774,0.7294,36,4.9195,3.4136,Failed,2
14.0588,3606,1.837,1898,288.914,0.5128,0.5597,1,3.714,5.7888,Failed,2
11.0153,507,2.4566,2405,153.9371,0.3433,0.359,16,4.669,3.6824,Failed,2
3.3026,2811,1.5099,1767,238.6,0.3286,0.8084,39,4.9168,5.3215,Damaged,1
0.5646,3188,0.7969,1440,396.5315,0.6023,0.3881,37,3.2181,4.5529,Intact,0
4.0077,1768,1.2051,1117,490.6208,0.3223,0.796,20,5.1225,4.8436,Failed,2
8.9667,247,1.5652,1916,466.2445,0.7769,0.3058,8,3.6467,3.2184,Failed,2
0.8662,4427,0.3681,1171,466.933,0.0708,0.0728,12,3.8473,5.4401,Intact,0
7.4959,3997,1.6314,1338,201.1119,0.6604,0.9326,10,5.499,3.2545,Failed,2
8.993,2050,2.4567,1856,234.3949,0.8092,0.3946,15,4.9516,2.9539,Failed,2
5.0802,465,0.6372,2237,352.8177,0.6728,0.7927,15,3.2662,4.6867,Failed,2
11.5866,1774,2.023,1554,461.096,0.4972,0.2791,1,2.0362,5.3372,Failed,2
1.6883,4631,2.2882,1066,70.9971,0.9503,0.6464,41,4.1916,2.7001,Damaged,1
1.2196,4594,2.3705,1002,152.1209,0.2999,0.8733,43,4.4637,2.7776,Intact,0
10.95,2646,2.4083,121,69.6234,0.0192,0.0416,7,4.2778,5.7107,Failed,2
7.4828,662,1.3994,1740,306.0043,0.432,0.8306,42,5.3875,5.7361,Failed,2
10.3572,3662,2.4478,1341,153.1505,0.033,0.5713,41,5.0204,3.4812,Failed,2
6.5789,2589,1.9418,1394,163.0539,0.9539,0.6075,12,3.5709,4.9609,Failed,2
3.7714,872,0.5718,2204,35.458,0.2099,0.5232,16,2.22,4.2727,Failed,2
12.3046,2137,1.2969,932,174.898,0.7889,0.8745,38,3.6662,5.0308,Failed,2
12.0113,3523,1.8522,188,431.2483,0.7746,0.0434,23,4.4124,5.9515,Failed,2
10.451,2667,0.7689,2370,116.5364,0.2177,0.261,2,4.127,2.8194,Failed,2
4.155,1673,1.6734,1554,347.5937,0.6212,0.8758,29,3.8835,5.6119,Failed,2
8.8944,3794,1.7332,782,314.8142,0.0481,0.7523,12,3.6409,4.4721,Failed,2
5.4785,3391,0.5742,1798,431.7423,0.4836,0.0176,18,3.0282,4.7565,Failed,2
1.4646,1346,1.4997,473,66.144,0.0146,0.517,6,2.9707,5.1157,Intact,0
13.768,3819,1.9747,1641,488.795,0.9211,0.5296,8,3.7508,6.1905,Failed,2
2.1386,3939,1.3475,439,291.3143,0.9761,0.4009,18,2.5621,2.7269,Damaged,1
14.2585,459,0.2278,391,497.7371,0.2223,0.2974,44,3.1924,2.6179,Failed,2
6.7455,2476,0.2208,995,455.7574,0.2081,0.6817,39,3.1339,3.213,Failed,2
